symbol,name,market_cap
069500,KODEX 200,21300300000000
360750,TIGER 미국S&P500,16174100000000
396500,TIGER 반도체TOP10,9517600000000
133690,TIGER 미국나스닥100,8798800000000
379800,KODEX 미국S&P500,8526300000000
102110,TIGER 200,8274700000000
459580,KODEX CD금리액티브(합성),8088900000000
488770,KODEX 머니마켓액티브,8031900000000
229200,KODEX 코스닥150,6635000000000
379810,KODEX 미국나스닥100,6590900000000
278530,KODEX 200TR,6535000000000
122630,KODEX 레버리지,6127700000000
411060,ACE KRX금현물,4903100000000
310970,TIGER MSCI Korea TR,4866200000000
357870,TIGER CD금리투자KIS(합성),4460300000000
498400,KODEX 200타겟위클리커버드콜,4451700000000
091160,KODEX 반도체,4372400000000
233740,KODEX 코스닥150레버리지,4370700000000
423160,KODEX KOFR금리액티브(합성),4349000000000
381180,TIGER 미국필라델피아반도체나스닥,4209100000000
381170,TIGER 미국테크TOP10 INDXX,4116700000000
273130,KODEX 종합채권(AA-이상)액티브,3976600000000
148020,RISE 200,3604800000000
360200,ACE 미국S&P500,3557600000000
458730,TIGER 미국배당다우존스,3301900000000
0043B0,TIGER 머니마켓액티브,3157800000000
367380,ACE 미국나스닥100,2943200000000
102780,KODEX 삼성그룹,2897200000000
481050,KODEX CD1년금리플러스액티브(합성),2872300000000
161510,PLUS 고배당주,2788200000000
455890,RISE 머니마켓액티브,2628200000000
449170,TIGER KOFR금리액티브(합성),2445900000000
395160,KODEX AI반도체,2311900000000
487240,KODEX AI전력핵심설비,2249200000000
292150,TIGER 코리아TOP10,2246100000000
278540,KODEX MSCI Korea TR,2232000000000
232080,TIGER 코스닥150,2220600000000
305720,KODEX 2차전지산업,2155000000000
214980,KODEX 단기채권PLUS,2076800000000
466920,SOL 조선TOP3플러스,1993400000000
385540,RISE 종합채권(A-이상)액티브,1984400000000
453850,ACE 미국30년국채액티브(H),1831200000000
294400,KIWOOM 200TR,1806000000000
449450,PLUS K방산,1786100000000
395270,HANARO Fn K-반도체,1744700000000
488080,TIGER 반도체TOP10레버리지,1651000000000
329200,TIGER 리츠부동산인프라,1619800000000
487230,KODEX 미국AI전력핵심인프라,1619400000000
284430,KODEX 200미국채혼합,1617400000000
475630,TIGER CD1년금리액티브(합성),1583300000000
441640,KODEX 미국배당커버드콜액티브,1556900000000
456600,TIME 글로벌AI인공지능액티브,1544400000000
477080,RISE CD금리액티브(합성),1516100000000
494310,KODEX 반도체레버리지,1515700000000
105190,ACE 200,1510100000000
0072R0,TIGER KRX금현물,1503100000000
152100,PLUS 200,1493900000000
315930,KODEX Top5PlusTR,1460300000000
0117L0,KODEX 26-12 금융채(AA-이상)액티브,1453200000000
379780,RISE 미국S&P500,1410800000000
486290,TIGER 미국나스닥100타겟데일리커버드콜,1369100000000
368590,RISE 미국나스닥100,1343200000000
144600,KODEX 은선물(H),1342900000000
371460,TIGER 차이나전기차SOLACTIVE,1316100000000
305540,TIGER 2차전지테마,1314000000000
157450,TIGER 단기통안채,1301300000000
426030,TIME 미국나스닥100액티브,1292300000000
457480,ACE 테슬라밸류체인액티브,1243200000000
436140,SOL 종합채권(AA-이상)액티브,1205500000000
448330,KODEX 삼성전자채권혼합,1192000000000
455850,SOL AI반도체소부장,1191000000000
446770,ACE 글로벌반도체TOP4 Plus,1167800000000
0139F0,TIGER 12월자동연장금융채(AA-이상)액티브,1140200000000
469830,SOL 초단기채권액티브,1116700000000
465580,ACE 미국빅테크TOP7 Plus,1115600000000
102970,KODEX 증권,1107700000000
356540,ACE 종합채권(AA-이상)액티브,1092700000000
445290,KODEX 로봇액티브,1075000000000
139260,TIGER 200 IT,1070900000000
252670,KODEX 200선물인버스2X,1061400000000
472150,TIGER 배당커버드콜액티브,1057900000000
476550,TIGER 미국30년국채커버드콜액티브(H),1053800000000
451540,TIGER 종합채권(AA-이상)액티브,1051300000000
091230,TIGER 반도체,1029900000000
466940,TIGER 은행고배당플러스TOP10,1024800000000
0162Z0,RISE 삼성전자SK하이닉스채권혼합50,1021200000000
494890,KODEX 200액티브,1021000000000
0163Y0,KoAct 코스닥액티브,1004300000000
438080,ACE 미국S&P500미국채혼합50액티브,980800000000
434730,HANARO 원자력iSelect,970100000000
463250,TIGER K방산&우주,967200000000
497570,TIGER 미국필라델피아AI반도체나스닥,965600000000
226490,KODEX 코스피,945900000000
462330,KODEX 2차전지산업레버리지,945400000000
390390,KODEX 미국반도체,940400000000
446720,SOL 미국배당다우존스,928800000000
371160,TIGER 차이나항셍테크,900600000000
0091P0,TIGER 코리아원자력,895000000000
114800,KODEX 인버스,894300000000
481060,KODEX 미국30년국채타겟커버드콜(합성 H),876600000000
0061Z0,RISE 단기특수은행채액티브,858700000000
479520,RISE KOFR금리액티브(합성),858400000000
479080,1Q 머니마켓액티브,858100000000
462010,TIGER 2차전지소재Fn,854700000000
495050,RISE 코리아밸류업,841400000000
475720,RISE 200위클리커버드콜,838800000000
449180,KODEX 미국S&P500(H),836900000000
402970,ACE 미국배당다우존스,820400000000
251600,PLUS 고배당주채권혼합,807100000000
441800,TIME Korea플러스배당액티브,802700000000
069660,KIWOOM 200,792900000000
237350,KODEX 코스피100,789100000000
444200,SOL 코리아메가테크액티브,778800000000
272580,TIGER 단기채권액티브,766700000000
153130,KODEX 단기채권,760300000000
494300,KODEX 미국나스닥100데일리커버드콜OTM,759400000000
494670,TIGER 조선TOP10,754400000000
138540,TIGER 현대차그룹플러스,752600000000
0117V0,TIGER 코리아AI전력기기TOP3플러스,725600000000
458760,TIGER 미국배당다우존스타겟커버드콜2호,717800000000
498410,KODEX 금융고배당TOP10타겟위클리커버드콜,710700000000
385560,RISE KIS국고채30년Enhanced,707600000000
495850,KODEX 코리아밸류업,683600000000
364980,TIGER 2차전지TOP10,683300000000
314250,KODEX 미국빅테크10(H),680500000000
0105E0,SOL 코리아고배당,678900000000
471230,KODEX 국고채10년액티브,663200000000
438100,ACE 미국나스닥100미국채혼합50액티브,653700000000
487340,ACE 머니마켓액티브,652100000000
456610,TIGER 미국달러SOFR금리액티브(합성),649800000000
0131V0,1Q 미국우주항공테크,644500000000
455030,KODEX 미국달러SOFR금리액티브(합성),642600000000
469150,ACE AI반도체TOP3+,629400000000
438330,TIGER 우량회사채액티브,628800000000
0127P0,ACE 미국대형성장주액티브,624100000000
0025N0,TIGER TDF2045 적격,623200000000
491010,TIGER 글로벌AI전력인프라액티브,621700000000
447770,TIGER 테슬라채권혼합Fn,611000000000
0148J0,TIGER 코리아휴머노이드로봇산업,601600000000
483280,KODEX 미국AI테크TOP10타겟커버드콜,588000000000
484790,KODEX 미국30년국채액티브(H),587500000000
476800,KODEX 한국부동산리츠인프라,587100000000
114260,KODEX 국고채3년,574300000000
0048J0,KODEX 미국머니마켓액티브,574100000000
0167A0,SOL AI반도체TOP2플러스,572000000000
458250,TIGER 미국30년국채스트립액티브(합성 H),571000000000
482730,TIGER 미국S&P500타겟데일리커버드콜,568800000000
0080G0,KODEX 방산TOP10,564700000000
462900,KoAct 바이오헬스케어액티브,564500000000
473290,KODEX 26-12 회사채(AA-이상)액티브,558700000000
480260,TIGER 27-04회사채(A+이상)액티브,555400000000
451000,PLUS 종합채권(AA-이상)액티브,549800000000
091180,KODEX 자동차,549300000000
329750,TIGER 미국달러단기채권액티브,546600000000
449190,KODEX 미국나스닥100(H),540000000000
423920,TIGER 미국필라델피아반도체레버리지(합성),530500000000
0177N0,KODEX 삼성전자SK하이닉스채권혼합50,528300000000
434060,KODEX TDF2050액티브 적격,526900000000
315960,RISE 대형고배당10TR,525900000000
474220,TIGER 미국테크TOP10타겟커버드콜,522300000000
490590,RISE 미국AI밸류체인데일리고정커버드콜,513900000000
251350,KODEX MSCI선진국,512300000000
293180,HANARO 200,512100000000
270810,RISE 코스닥150,511900000000
0162Y0,TIME 코스닥액티브,500500000000
471990,KODEX AI반도체핵심장비,496500000000
448290,TIGER 미국S&P500(H),495200000000
0023A0,SOL 미국양자컴퓨팅TOP10,492300000000
295040,SOL 200TR,491500000000
469070,RISE AI&로봇,490100000000
0052D0,TIGER 코리아배당다우존스,489700000000
489250,KODEX 미국배당다우존스,488800000000
365780,ACE 국고채10년,479200000000
091170,KODEX 은행,474200000000
361580,RISE 200TR,468100000000
496080,TIGER 코리아밸류업,464500000000
148070,KIWOOM 국고채10년,461500000000
132030,KODEX 골드선물(H),451100000000
277630,TIGER 코스피,442800000000
490490,SOL 미국배당미국채혼합50,437800000000
241180,TIGER 일본니케이225,436500000000
499660,TIGER CD금리플러스액티브(합성),434600000000
157500,TIGER 증권,425700000000
484880,SOL 금융지주플러스고배당,420900000000
279530,KODEX 고배당주,420700000000
442580,PLUS 글로벌HBM반도체,420500000000
0098F0,KODEX 원자력SMR,412500000000
478150,TIME 글로벌우주테크&방산액티브,410000000000
466950,TIGER 글로벌AI액티브,408100000000
0007F0,KODEX 27-12 회사채(AA-이상)액티브,405500000000
477050,PLUS 머니마켓액티브,405400000000
307520,TIGER 지주회사,405100000000
453810,KODEX 인도Nifty50,400800000000
385510,KODEX 신재생에너지액티브,395300000000
463050,TIME K바이오액티브,392900000000
461490,RISE 글로벌자산배분액티브,392900000000
433500,ACE 원자력TOP10,390400000000
0053L0,TIGER 차이나휴머노이드로봇,390000000000
453870,TIGER 인도니프티50,383500000000
0167Z0,KODEX 미국우주항공,382900000000
0040Y0,SOL 팔란티어커버드콜OTM채권혼합,377800000000
139230,TIGER 200 중공업,377400000000
454780,KIWOOM 종합채권(AA-이상)액티브,374100000000
0060H0,TIGER 토탈월드스탁액티브,365900000000
472160,TIGER 미국테크TOP10 INDXX(H),364000000000
0046A0,TIGER 미국초단기(3개월이하)국채,363100000000
0144L0,KODEX 미국성장커버드콜액티브,361400000000
442320,RISE 글로벌원자력,358900000000
439870,KODEX 국고채30년액티브,357900000000
473330,SOL 미국30년국채커버드콜(합성),356200000000
491620,RISE 미국테크100데일리고정커버드콜,356000000000
456880,ACE 미국달러SOFR금리(합성),355500000000
475080,KODEX 테슬라커버드콜채권혼합액티브,348600000000
441680,TIGER 미국나스닥100커버드콜(합성),346400000000
472170,TIGER 미국테크TOP10채권혼합,341300000000
418660,TIGER 미국나스닥100레버리지(합성),339800000000
448300,TIGER 미국나스닥100(H),338300000000
290130,RISE ESG사회책임투자,338100000000
439860,KODEX ESG종합채권(A-이상)액티브,337000000000
0016X0,SOL 중단기회사채(A-이상)액티브,336800000000
273140,KODEX 단기변동금리부채권액티브,334900000000
481190,SOL 미국테크TOP10,332500000000
421320,PLUS 우주항공&UAM,332200000000
394670,TIGER 글로벌리튬&2차전지SOLACTIVE(합성),327200000000
451060,1Q 200액티브,324700000000
385720,TIME 코스피액티브,323500000000
245710,ACE 베트남VN30(합성),321900000000
0015B0,KoAct 미국나스닥성장기업액티브,321200000000
435420,TIGER 미국나스닥100채권혼합50,318800000000
363570,KODEX 장기종합채권(AA-이상)액티브,318600000000
437080,KODEX 미국종합채권ESG액티브(H),318100000000
0038A0,KODEX 미국휴머노이드로봇,317800000000
228790,TIGER 화장품,317700000000
302450,RISE 코스피,315100000000
0122W0,RISE 26-11 회사채(AA-이상)액티브,313800000000
485540,KODEX 미국AI테크TOP10,312300000000
123320,TIGER 레버리지,307300000000
472870,RISE 미국30년국채엔화노출(합성 H),306100000000
0094K0,TIGER 28-04 회사채(A+이상)액티브,297700000000
493810,TIGER 미국AI빅테크10타겟데일리커버드콜,291700000000
244580,KODEX 바이오,290700000000
448630,RISE 삼성그룹Top3채권혼합,290200000000
433330,SOL 미국S&P500,288500000000
476760,ACE 미국30년국채액티브,287100000000
489030,PLUS 고배당주위클리커버드콜,287000000000
385550,RISE 단기채권알파액티브,285700000000
283580,KODEX 차이나CSI300,284100000000
458260,TIGER 미국투자등급회사채액티브(H),283900000000
213610,KODEX 삼성그룹밸류,283800000000
364970,TIGER 바이오TOP10,282200000000
473460,KODEX 미국서학개미,281400000000
310960,TIGER 200TR,280500000000
488980,SOL 26-12 회사채(AA-이상)액티브,277100000000
0051G0,SOL 미국원자력SMR,274700000000
486450,SOL 미국AI전력인프라,273900000000
233160,TIGER 코스닥150 레버리지,272900000000
422420,RISE 2차전지액티브,271000000000
0026S0,1Q 미국S&P500,270500000000
495230,KoAct 코리아밸류업액티브,269800000000
0093A0,RISE AI반도체TOP10,267000000000
0101N0,RISE AI전력인프라,266200000000
302190,TIGER 중장기국채,264900000000
0047A0,TIGER 차이나테크TOP10,262800000000
0052S0,1Q 미국S&P500미국채혼합50액티브,260500000000
463290,1Q 단기금융채액티브,260300000000
498270,KIWOOM 미국양자컴퓨팅,260100000000
0000J0,PLUS 한화그룹주,258400000000
461950,KODEX 2차전지핵심소재10,257800000000
329650,KODEX TRF3070,257400000000
0064K0,KODEX 금액티브,257200000000
196230,RISE 단기통안채,254800000000
448540,ACE 엔비디아채권혼합,254200000000
0153K0,KODEX 주주환원고배당주,250300000000
426020,TIME 미국S&P500액티브,248600000000
0089D0,KODEX 금융고배당TOP10,248400000000
266160,RISE 고배당,246800000000
354500,ACE 코스닥150,242400000000
409820,KODEX 미국나스닥100레버리지(합성 H),240000000000
261260,KODEX 미국달러선물인버스2X,239200000000
305080,TIGER 미국채10년선물,236200000000
474590,WON 반도체밸류체인액티브,234500000000
483320,ACE 엔비디아밸류체인액티브,233000000000
466930,SOL 자동차TOP3플러스,231200000000
0040X0,SOL 팔란티어미국채커버드콜혼합,229500000000
0048K0,KODEX 차이나휴머노이드로봇,228500000000
472920,HK 종합채권(AA-이상)액티브,228400000000
0043Y0,TIME 차이나AI테크액티브,228300000000
332930,HANARO 200TR,228200000000
476450,KIWOOM 머니마켓액티브,227900000000
497880,SOL CD금리&머니마켓액티브,226800000000
396520,TIGER 차이나반도체FACTSET,226400000000
117700,KODEX 건설,225800000000
271050,KODEX WTI원유선물인버스(H),224900000000
367760,RISE 네트워크인프라,223000000000
0173Y0,KODEX 미국AI광통신네트워크,221600000000
491610,1Q CD금리액티브(합성),221300000000
388420,RISE 비메모리반도체액티브,218100000000
190620,ACE 단기통안채,217600000000
0008S0,TIGER 미국배당다우존스타겟데일리커버드콜,216700000000
490090,TIGER 미국AI빅테크10,215900000000
200250,KIWOOM 인도Nifty50(합성),215700000000
272560,RISE 단기국공채액티브,215500000000
160580,TIGER 구리실물,215200000000
0167B0,SOL 200타겟위클리커버드콜,214700000000
0123G0,TIGER 미국AI전력SMR,211600000000
414780,TIGER 차이나과창판STAR50(합성),210000000000
496020,WON 전단채플러스액티브,209200000000
471040,KoAct 글로벌AI&로봇액티브,208300000000
0111P0,1Q 미국나스닥100미국채혼합50액티브,206600000000
452360,SOL 미국배당다우존스(H),206300000000
267770,TIGER 200선물레버리지,204400000000
471760,TIGER AI반도체핵심공정,203200000000
412570,TIGER 2차전지TOP10레버리지,202300000000
461270,ACE 26-06 회사채(AA-이상)액티브,201900000000
332500,ACE 200TR,196200000000
0092C0,SOL 27-12 회사채(AA-이상)액티브,195300000000
483340,ACE 구글밸류체인액티브,194300000000
0092B0,SOL 한국원자력SMR,192400000000
143860,TIGER 헬스케어,192000000000
0019K0,TIME 미국나스닥100채권혼합50액티브,191600000000
464240,KIWOOM 26-09회사채(AA-이상)액티브,189900000000
0080Y0,SOL 조선TOP3플러스레버리지,186800000000
0183J0,TIGER 미국우주테크,186000000000
0005D0,SOL 전고체배터리&실리콘음극재,185800000000
455860,SOL 2차전지소부장Fn,185400000000
251340,KODEX 코스닥150선물인버스,185200000000
325020,KODEX 배당가치,184300000000
480020,ACE 미국빅테크7+데일리타겟커버드콜(합성),183100000000
304660,KODEX 미국30년국채울트라선물(H),183100000000
237370,KODEX 코리아배당성장채권혼합,179900000000
325010,KODEX 성장주,176900000000
458210,KIWOOM CD금리액티브(합성),176500000000
0001S0,TIGER 26-04 회사채(A+이상)액티브,175700000000
0115D0,KODEX 조선TOP10,175200000000
0091C0,KODEX 미국10년국채액티브(H),175100000000
243880,TIGER 200IT레버리지,172600000000
442570,RISE TDF2050액티브 적격,170100000000
0119H0,KODEX 28-12 회사채(AA-이상)액티브,169800000000
495060,TIME 코리아밸류업액티브,169000000000
0104N0,TIGER 200타겟위클리커버드콜,168000000000
114100,RISE 국고채3년,166400000000
139220,TIGER 200 건설,166000000000
429000,TIGER 미국S&P500배당귀족,164000000000
403790,마이다스 코스피액티브,163800000000
0005A0,KODEX 미국S&P500데일리커버드콜OTM,162800000000
182480,TIGER 미국MSCI리츠(합성 H),160900000000
0162M0,KODEX 금융채1~2년(AA-이상)PLUS액티브,160800000000
377990,TIGER Fn신재생에너지,160700000000
192090,TIGER 차이나CSI300,160600000000
372330,KODEX 차이나항셍테크,160100000000
219480,KODEX 미국S&P500선물(H),155300000000
480030,ACE 미국500데일리타겟커버드콜(합성),155200000000
483290,KODEX 미국배당다우존스타겟커버드콜,155200000000
451530,TIGER 국고채30년스트립액티브,154500000000
0138Y0,PLUS 금채권혼합,153600000000
136340,RISE 중기우량회사채,152800000000
494220,UNICORN SK하이닉스밸류체인액티브,151900000000
367770,RISE 수소경제테마,151400000000
319640,TIGER 골드선물(H),148900000000
481180,SOL 미국AI소프트웨어,148200000000
411420,KODEX 미국나스닥AI테크액티브,147800000000
495550,SOL 코리아밸류업TR,147200000000
491820,HANARO 전력설비투자,146000000000
245340,TIGER 미국다우존스30,142300000000
0074K0,KoAct K수출핵심기업TOP30액티브,140900000000
0099L0,ACE 우량회사채(AA-이상)액티브,140400000000
152870,파워 200,138700000000
0151P0,RISE 코리아전략산업액티브,138600000000
457990,PLUS 태양광&ESS,138500000000
0069M0,1Q 미국나스닥100,137600000000
469170,ACE 포스코그룹포커스,136600000000
433980,KODEX TDF2040액티브 적격,136200000000
465610,ACE 미국빅테크TOP7 Plus레버리지(합성),136100000000
309230,ACE 미국WideMoat동일가중,136100000000
464930,TIGER 글로벌혁신블루칩TOP10,135900000000
363580,KODEX 200IT TR,135900000000
114820,TIGER 국채3년,135600000000
0168K0,TIGER 기술이전바이오액티브,134500000000
490480,SOL K방산,134400000000
0151S0,KODEX 미국AI반도체TOP3플러스,133200000000
438570,SOL 국고채10년,132900000000
423170,SOL 글로벌AI반도체탑픽액티브,131700000000
130730,KIWOOM 단기자금,131400000000
0066W0,SOL 국제금,129600000000
488500,TIGER 미국S&P500동일가중,129200000000
475050,ACE KPOP포커스,128300000000
0127M0,ACE 미국대형가치주액티브,127400000000
168580,ACE 중국본토CSI300,127300000000
328370,PLUS 코스피TR,127300000000
491230,PLUS 국공채머니마켓액티브,125200000000
0131W0,1Q 단기특수은행채액티브,125000000000
0082V0,KODEX TDF2060액티브 적격,124700000000
480040,ACE 미국반도체데일리타겟커버드콜(합성),124500000000
464310,TIGER 글로벌AI&로보틱스 INDXX,124100000000
490600,RISE 미국배당100데일리고정커버드콜,124100000000
0118Z0,ACE 미국AI테크핵심산업액티브,123300000000
0132K0,PLUS 테슬라위클리커버드콜채권혼합,123300000000
465780,마이티 26-09 특수채(AAA)액티브,122500000000
278240,RISE 코스닥150선물레버리지,122300000000
0000Y0,HK 26-12 회사채(AA-이상)액티브,122100000000
0176E0,RISE 미국AI전력인프라액티브,121900000000
204480,TIGER 차이나CSI300레버리지(합성),121500000000
394660,TIGER 글로벌자율주행&전기차SOLACTIVE,121100000000
399110,SOL 미국S&P500ESG,119100000000
0085N0,ACE 미국10년국채액티브(H),118600000000
261270,KODEX 미국달러선물인버스,118600000000
454320,HANARO CAPEX설비투자iSelect,118000000000
448100,WON 200,116400000000
496090,KIWOOM 코리아밸류업,116200000000
304940,KODEX 미국나스닥100선물(H),116000000000
473640,HANARO 글로벌금채굴기업,115400000000
481430,RISE 국고채10년액티브,114200000000
498180,파워 종합채권(AA-이상)액티브,114200000000
495330,1Q 코리아밸류업,114000000000
0094M0,RISE 코리아밸류업위클리고정커버드콜,113500000000
337160,KODEX 200ESG,113000000000
157490,TIGER 소프트웨어,112800000000
479730,TIGER 인도빌리언컨슈머,112300000000
228810,TIGER 미디어컨텐츠,111000000000
304780,HANARO 200선물레버리지,109600000000
364960,TIGER BBIG,109400000000
211900,KODEX 코리아배당성장,109400000000
138520,TIGER 삼성그룹,108600000000
495710,BNK 26-06 특수채(AAA이상)액티브,108600000000
0135Y0,ITF 중기종합채권(AA-이상)액티브,108100000000
0036R0,RISE 미국휴머노이드로봇,107900000000
359210,KODEX 코스피TR,106300000000
401170,RISE 메타버스,106000000000
308620,KODEX 미국10년국채선물,105500000000
468380,KODEX iShares미국하이일드액티브,105300000000
0115E0,KODEX 코리아소버린AI,105200000000
461500,HANARO 종합채권(AA-이상)액티브,104500000000
0091M0,HANARO 27-06 회사채(AA-이상)액티브,104000000000
447620,SOL 미국TOP5채권혼합50,102500000000
0018C0,PLUS 고배당주위클리고정커버드콜,102100000000
471780,TIGER 코리아테크액티브,101400000000
0098N0,PLUS 자사주매입고배당주,101400000000
122090,PLUS 코스피50,100800000000
441540,HANARO Fn조선해운,100800000000
0132H0,KODEX 미국원자력SMR,99800000000
329660,KODEX TRF5050,99500000000
332940,HANARO MSCI Korea TR,99000000000
0035T0,PLUS 글로벌휴머노이드로봇액티브,98800000000
203780,TIGER 미국나스닥바이오,97600000000
0113D0,TIME 글로벌탑픽액티브,97100000000
211560,TIGER 배당성장,96800000000
195980,PLUS 신흥국MSCI(합성 H),96700000000
476850,KoAct 배당성장액티브,96200000000
143850,TIGER 미국S&P500선물(H),95700000000
108450,ACE 삼성그룹섹터가중,94700000000
0111J0,HANARO 증권고배당TOP3플러스,94500000000
453330,RISE 미국S&P500(H),94100000000
0085P0,ACE 미국10년국채액티브,94000000000
494330,ACE 라이프자산주주가치액티브,93800000000
476030,SOL 미국나스닥100,93600000000
210780,TIGER 코스피고배당,93500000000
266420,KODEX 헬스케어,93100000000
492500,1Q 현대차그룹채권(A+이상)&국고통안,92900000000
269540,PLUS 미국S&P500(H),92800000000
326240,RISE IT플러스,90900000000
412770,TIGER 글로벌AI플랫폼액티브,89400000000
473440,ACE 11월만기자동연장회사채AA-이상액티브,88100000000
0102A0,TIGER 미국AI소프트웨어TOP4Plus,88000000000
0052T0,1Q 중단기회사채(A-이상)액티브,87400000000
0017Y0,1Q 종합채권(AA-이상)액티브,87200000000
475300,SOL 반도체전공정,87100000000
465330,RISE 2차전지TOP10,86800000000
440910,WON 미국우주항공방산,86700000000
329670,KODEX TRF7030,86600000000
0007N0,아이엠에셋 200,86200000000
460960,ACE 글로벌인컴TOP10,85900000000
228800,TIGER 여행레저,85800000000
0100K0,KODEX 방산TOP10레버리지,85600000000
0086B0,TIGER 리츠부동산인프라TOP10액티브,85500000000
252400,RISE 200선물레버리지,85300000000
272910,ACE 중장기국공채액티브,85100000000
475310,SOL 반도체후공정,84900000000
0049M0,ACE 미국배당퀄리티+커버드콜액티브,84500000000
261220,KODEX WTI원유선물(H),84500000000
0022T0,SOL 국제금커버드콜액티브,84000000000
0089C0,KODEX 미국S&P500변동성확대시커버드콜,84000000000
433970,KODEX TDF2030액티브 적격,82900000000
486240,DAISHIN343 AI반도체&인프라액티브,82700000000
0005G0,ITF K-AI반도체코어테크,82200000000
491700,HK 200,81100000000
461460,PLUS 국고채10년액티브,81000000000
0142D0,TIGER 미국AI데이터센터TOP4Plus,80800000000
401470,KODEX 메타버스액티브,80000000000
476750,ACE 미국30년국채엔화노출액티브(H),79100000000
485690,RISE 미국AI밸류체인TOP3Plus,77200000000
494840,TIGER 미국방산TOP10,76400000000
261070,TIGER 코스닥150바이오테크,76300000000
306950,KODEX KRX300레버리지,76200000000
0041D0,KODEX 미국AI소프트웨어TOP10,75800000000
261240,KODEX 미국달러선물,75500000000
440640,ACE 단기채권알파액티브,75400000000
445150,KODEX 친환경조선해운액티브,75300000000
0021E0,ACE TDF2050액티브 적격,75100000000
475280,ACE 8월만기자동연장회사채AA-이상액티브,74100000000
456680,TIGER 차이나전기차레버리지(합성),73600000000
495040,PLUS 코리아밸류업,73200000000
453080,KIWOOM 미국나스닥100(H),72800000000
298340,PLUS 국채선물3년,72400000000
0154F0,WON 초대형IB&금융지주,72200000000
0008T0,SOL 화장품TOP3플러스,71800000000
444490,WON 미국S&P500,71500000000
463680,KODEX 미국S&P500테크놀로지,71300000000
298770,KODEX 한국대만IT프리미어,71200000000
419890,KIWOOM 단기채권ESG액티브,70500000000
150460,TIGER 중국소비테마,70300000000
475350,RISE 버크셔포트폴리오TOP10,69500000000
0000Z0,RISE 바이오TOP10액티브,69500000000
266370,KODEX IT,69400000000
292190,KODEX KRX300,68400000000
225040,TIGER 미국S&P500레버리지(합성 H),68100000000
337140,KODEX 코스피대형주,68000000000
434960,DAISHIN343 K200,66800000000
0139P0,ACE 고배당주,66300000000
0104H0,KoAct 미국나스닥채권혼합50액티브,66300000000
487750,BNK 온디바이스AI,65300000000
488720,WON 종합채권(AA-이상)액티브,65200000000
0041E0,KODEX 미국S&P500액티브,65100000000
275980,TIGER 글로벌4차산업혁신기술(합성 H),64700000000
0057H0,PLUS 미국S&P500미국채혼합50액티브,64400000000
0080X0,SOL 미국S&P500미국채혼합50,63900000000
365040,TIGER AI코리아그로스액티브,63500000000
473590,ACE 미국주식베스트셀러,63500000000
415920,PLUS 글로벌희토류&전략자원생산기업,63200000000
495750,HANARO 코리아밸류업,63000000000
0000D0,TIGER 엔비디아미국채커버드콜밸런스(합성),62900000000
0123S0,HANARO 26-12 은행채(AA+이상)액티브,62100000000
458030,WON 국공채머니마켓액티브,61800000000
371470,TIGER 차이나바이오테크SOLACTIVE,61400000000
278620,PLUS 단기채권액티브,61000000000
455660,ACE 미국하이일드액티브(H),61000000000
486830,HANARO 머니마켓액티브,60700000000
0007G0,PLUS 글로벌원자력밸류체인,60600000000
400970,TIGER Fn메타버스,60600000000
447430,ACE 주주환원가치주액티브,60400000000
0068M0,KODEX 미국S&P500버퍼6월액티브,60100000000
498860,RISE 코리아금융고배당,59600000000
455960,RISE 미국달러SOFR금리액티브(합성),59600000000
453640,KODEX 미국S&P500헬스케어,59600000000
458750,TIGER 미국배당다우존스타겟커버드콜1호,58900000000
139320,TIGER 금은선물(H),58700000000
152500,ACE 레버리지,58700000000
218420,KODEX 미국S&P500에너지(합성),58600000000
277640,TIGER 코스피대형주,58500000000
101280,KODEX 일본TOPIX100,58300000000
449770,KIWOOM 미국S&P500,56300000000
316670,KIWOOM 코스닥150,55800000000
139280,TIGER 경기방어,55500000000
395170,KODEX Top10동일가중,54800000000
0067V0,TIGER 차이나글로벌리더스TOP3+,54800000000
365000,TIGER 인터넷TOP10,54200000000
352540,KODEX 일본부동산리츠(H),54200000000
256750,KODEX 차이나심천ChiNext(합성),53800000000
426150,WON 대한민국국고채액티브,53500000000
452250,ACE 미국30년국채선물레버리지(합성 H),53400000000
295020,RISE 국채선물10년인버스,53400000000
375770,KODEX 탄소효율그린뉴딜,53200000000
0118S0,SOL 미국넥스트테크TOP10액티브,52900000000
0046Y0,ACE 미국배당퀄리티,52700000000
0098Z0,FOCUS 200,52500000000
0113P0,HK 머니마켓액티브,52500000000
140700,KODEX 보험,52300000000
114470,KIWOOM 국고채3년,52300000000
104530,KIWOOM 고배당,51800000000
252650,KODEX 200동일가중,51100000000
322410,HANARO K고배당,51000000000
438560,SOL 국고채3년,50800000000
472830,RISE 미국30년국채커버드콜(합성),50600000000
474800,KIWOOM 미국원유에너지기업,50600000000
491220,PLUS 200TR,50300000000
433880,PLUS TDF2060액티브 적격,50200000000
475260,ACE 2월만기자동연장회사채AA-이상액티브,50200000000
138910,KODEX 구리선물(H),50100000000
253250,KIWOOM 200선물레버리지,50100000000
200030,KODEX 미국S&P500산업재(합성),50100000000
469060,RISE 미국반도체NYSE,49900000000
0020H0,KoAct 글로벌양자컴퓨팅액티브,48800000000
450910,SOL 코스닥150,48800000000
123310,TIGER 인버스,48700000000
496770,PLUS 글로벌방산,48500000000
428510,KODEX 차이나AI테크액티브,48400000000
448570,FOCUS AI코리아액티브,47800000000
253150,PLUS 200선물레버리지,47500000000
322400,HANARO e커머스,47500000000
407830,에셋플러스 글로벌플랫폼액티브,47400000000
475070,KoAct 글로벌친환경전력인프라액티브,47300000000
0152E0,SOL 배당성향탑픽액티브,47200000000
495940,RISE 미국AI테크액티브,47100000000
0180V0,ACE 미국우주테크액티브,47000000000
453950,TIGER TSMC파운드리밸류체인,46600000000
276990,KODEX 글로벌로봇(합성),45500000000
0166N0,PLUS 코스닥150액티브,45400000000
266360,KODEX K콘텐츠,45000000000
453650,KODEX 미국S&P500금융,44400000000
464470,PLUS 미국채30년액티브,44300000000
475270,ACE 5월만기자동연장회사채AA-이상액티브,44300000000
385590,ACE ESG액티브,44200000000
410870,TIME K컬처액티브,44200000000
0083S0,1Q 미국메디컬AI,44100000000
0166S0,PLUS K제조업핵심기업액티브,43900000000
292560,TIGER 일본엔선물,43700000000
465350,RISE 2차전지TOP10인버스(합성),43700000000
122260,KIWOOM 통안채1년,43400000000
480310,TIGER 글로벌온디바이스AI,43300000000
174360,RISE 중국본토대형주CSI100,43100000000
440650,ACE 미국달러단기채권액티브,43000000000
461340,HANARO 글로벌생성형AI액티브,42900000000
489290,WON 미국빌리어네어,42800000000
476690,TIGER 글로벌비만치료제TOP2Plus,42500000000
395290,HANARO Fn K-POP&미디어,42100000000
419430,KODEX 차이나2차전지MSCI(합성),42000000000
476070,KODEX 글로벌비만치료제TOP2 Plus,41900000000
479850,HANARO K-뷰티,41900000000
336160,RISE 금융채액티브,41800000000
0172V0,1Q 은액티브,41700000000
140950,파워 코스피100,41100000000
0040S0,HANARO 글로벌피지컬AI액티브,41000000000
437070,KODEX 아시아달러채권ESG플러스액티브,41000000000
261140,TIGER 우선주,40700000000
252710,TIGER 200선물인버스2X,40700000000
0141S0,SOL 조선기자재,40700000000
099140,KODEX 차이나H,40700000000
429760,PLUS 미국S&P500,40600000000
0104P0,TIGER 코리아배당다우존스위클리커버드콜,40300000000
275300,KODEX 우량주,39800000000
479620,SOL 미국AI반도체칩메이커,39700000000
442260,마이티 다이나믹퀀트액티브,39700000000
261120,TIGER 미국달러선물인버스2X,39700000000
261060,TIGER 코스닥150IT,39500000000
305050,ACE 코스피,39100000000
139270,TIGER 200 금융,39000000000
139250,TIGER 200 에너지화학,38600000000
196030,ACE 일본TOPIX레버리지(H),38500000000
238720,ACE 일본Nikkei225(H),38200000000
245360,TIGER 차이나HSCEI,37900000000
152380,KODEX 국채선물10년,37500000000
0150K0,KoAct 수소전력ESS인프라액티브,37500000000
0155M0,ACE 미국SMR원자력TOP10,37300000000
195930,TIGER 유로스탁스50(합성 H),36900000000
147970,TIGER 모멘텀,36700000000
276970,KODEX 미국S&P500배당귀족커버드콜(합성 H),36700000000
0023B0,PLUS 미국양자컴퓨팅TOP10,36600000000
117460,KODEX 에너지화학,36600000000
0047R0,RISE 팔란티어고정테크100,36400000000
414270,ACE 글로벌자율주행액티브,36200000000
459750,RISE 글로벌주식분산액티브,36200000000
261250,KODEX 미국달러선물레버리지,35800000000
0013R0,RISE 테슬라미국채타겟커버드콜혼합(합성),35600000000
241390,RISE V&S셀렉트밸류채권혼합,35500000000
156080,KODEX MSCI Korea,35400000000
487130,KoAct AI인프라액티브,35400000000
204450,KODEX 차이나H레버리지(H),35300000000
360140,KODEX 200롱코스닥150숏선물,35300000000
385520,KODEX 자율주행액티브,35200000000
446700,RISE 배터리 리사이클링,35100000000
0162L0,KODEX 차이나AI반도체TOP10,35000000000
468630,KODEX iShares미국투자등급회사채액티브,35000000000
287180,PLUS 미국나스닥테크,34800000000
388280,RISE K엔터&여행레저,34500000000
461600,SOL 미국30년국채액티브(H),34400000000
192720,파워 고배당저변동성,34400000000
488200,KIWOOM K-2차전지북미공급망,34400000000
483420,ACE 애플밸류체인액티브,34300000000
0137V0,KIWOOM 미국S&P500모멘텀,34300000000
300950,KODEX 게임산업,34300000000
0104G0,PLUS K방산레버리지,34100000000
368190,HANARO Fn K-뉴딜디지털플러스,34000000000
364990,TIGER 게임TOP10,33600000000
0036D0,TIME 미국배당다우존스액티브,33400000000
0065G0,KODEX 차이나테크TOP10,33000000000
475380,RISE 글로벌리얼티인컴,33000000000
491090,KODEX 미국테크TOP3플러스,32700000000
256440,ACE MSCI인도네시아(합성),32600000000
461450,KODEX 코스닥글로벌,32600000000
0144M0,KODEX 미국드론UAM TOP10,32300000000
352560,KODEX 미국부동산리츠(H),32300000000
227540,TIGER 200 헬스케어,32200000000
493420,SOL 미국배당다우존스2호,32000000000
0093D0,KoAct 팔란티어밸류체인액티브,32000000000
418670,TIGER 글로벌AI사이버보안,32000000000
105780,RISE 5대그룹주,31900000000
476260,HANARO 반도체핵심공정주도주,31800000000
0137W0,KIWOOM 미국S&P500&GOLD,31700000000
282000,RISE 국고채3년선물인버스,31600000000
271060,KODEX 3대농산물선물(H),31500000000
304770,HANARO 코스닥150,31500000000
0138T0,RISE 미국S&P500데일리고정커버드콜,31500000000
0097L0,KIWOOM 한국고배당&미국AI테크,31400000000
245350,TIGER 유로스탁스배당30,31400000000
449780,KIWOOM 미국S&P500(H),31300000000
459560,KODEX 테슬라밸류체인FactSet,31300000000
411540,SOL 200 Top10,31200000000
100910,KIWOOM KRX100,31200000000
217770,TIGER 원유선물인버스(H),31100000000
477730,KODEX 인도타타그룹,30800000000
225130,ACE 골드선물 레버리지(합성 H),30800000000
473490,KIWOOM 글로벌AI반도체,30800000000
472840,ITF 200,30700000000
248270,TIGER S&P글로벌헬스케어(합성),30600000000
494410,PLUS 미국S&P500성장주,30600000000
280930,KODEX 미국러셀2000(H),30600000000
438320,TIGER 차이나항셍테크레버리지(합성 H),30500000000
276650,RISE 글로벌테크놀로지(합성 H),30400000000
153270,KIWOOM 코스피100,30400000000
449690,TIGER 한중반도체(합성),30100000000
442560,RISE TDF2040액티브 적격,29900000000
0155N0,HANARO K휴머노이드테마TOP10,29900000000
117680,KODEX 철강,29800000000
0141T0,SOL 중기종합채권(AA-이상)액티브,29700000000
300640,RISE 게임테마,29500000000
275280,KODEX 모멘텀주,29200000000
223190,KODEX 200가치저변동,29000000000
167860,KIWOOM 국고채10년레버리지,28900000000
0103T0,1Q K소버린AI,28700000000
0088N0,WON K-글로벌수급상위,28700000000
437350,RISE 미국단기투자등급회사채액티브,28700000000
269420,KODEX S&P글로벌인프라(합성),28700000000
0107F0,KIWOOM 미국고배당&AI테크,28600000000
387270,TIGER 글로벌이노베이션액티브,28300000000
471460,KIWOOM 국고채30년액티브,28200000000
284980,RISE 200금융,27700000000
138230,KIWOOM 미국달러선물,27400000000
226980,KODEX 200 중소형,27300000000
459790,KIWOOM 미국성장기업30액티브,27300000000
289480,TIGER 200커버드콜,27200000000
497780,KoAct 미국천연가스인프라액티브,27000000000
0153X0,PLUS 미국고배당주액티브,26900000000
183700,RISE 채권혼합,26900000000
415760,SOL 차이나육성산업액티브(합성),26900000000
461580,TIGER 코스닥글로벌,26400000000
446690,KODEX 아시아AI반도체exChina액티브,26400000000
415340,KODEX 차이나과창판STAR50(합성),26200000000
491830,TIGER 미국AI반도체팹리스,26000000000
442090,에셋플러스 코리아대장장이액티브,25900000000
275290,KODEX 가치주,25800000000
252000,TIGER 200동일가중,25700000000
363510,SOL KIS단기통안채,25700000000
360150,KODEX 코스닥150롱코스피200숏선물,25700000000
483570,KCGI 미국S&P500 TOP10,25500000000
195970,PLUS 선진국MSCI(합성 H),25300000000
277540,ACE 아시아TOP50,25100000000
145850,TREX 펀더멘탈 200,25100000000
481340,RISE 미국30년국채액티브,25000000000
407310,HANARO 200 TOP10,24700000000
450190,KODEX 한중반도체(합성),24500000000
272570,RISE 중장기국공채액티브,24500000000
445910,TIGER MKF배당귀족,24200000000
496120,ACE 코리아밸류업,24100000000
091220,TIGER 은행,24000000000
138530,TIGER LG그룹플러스,23800000000
0089B0,PLUS 미국나스닥100미국채혼합50,23800000000
219390,RISE 미국S&P원유생산기업(합성 H),23400000000
236350,TIGER 인도니프티50레버리지(합성),23400000000
465660,TIGER 일본반도체FACTSET,23200000000
253290,RISE 헬스케어채권혼합,23100000000
0112X0,마이티 200TR,23000000000
185680,KODEX 미국S&P바이오(합성),22700000000
469790,KIWOOM K-테크TOP10,22600000000
463300,RISE 중국본토CSI300,22600000000
457690,KODEX 33-06 국고채액티브,22500000000
169950,KODEX 차이나A50,22300000000
433220,에셋플러스 글로벌대장장이액티브,22300000000
391670,HK 베스트일레븐액티브,22200000000
440340,TIGER 글로벌멀티에셋TIF액티브,22200000000
0051A0,KoAct 브로드컴밸류체인액티브,22100000000
0026E0,KODEX 미국S&P500버퍼3월액티브,21900000000
0049K0,ACE 미국배당퀄리티채권혼합50,21900000000
292500,SOL KRX300,21900000000
464920,PLUS 일본반도체소부장,21800000000
102960,KODEX 기계장비,21700000000
419650,PLUS 글로벌수소&차세대연료전지,21700000000
0182R0,1Q K반도체TOP2+,21600000000
489000,PLUS 일본엔화초단기국채(합성),21600000000
0047P0,RISE 테슬라고정테크100,21500000000
292160,TIGER KRX300,21500000000
417630,TIGER KEDI혁신기업ESG30,21500000000
0115C0,RISE 미국고배당다우존스TOP10,21400000000
404260,KODEX 기후변화솔루션,21400000000
385600,ACE 2차전지&친환경차액티브,21300000000
130680,TIGER 원유선물Enhanced(H),21100000000
364690,KODEX 혁신기술테마액티브,21000000000
445690,BNK 주주가치액티브,20900000000
159800,마이티 코스피100,20800000000
396510,TIGER 차이나클린에너지SOLACTIVE,20800000000
332620,PLUS 미국장기우량회사채,20600000000
229720,KODEX KTOP30,20400000000
266410,KODEX 필수소비재,20300000000
292050,RISE KRX300,19900000000
376410,TIGER 탄소효율그린뉴딜,19700000000
375760,HANARO 탄소효율그린뉴딜,19600000000
367740,HANARO Fn5G산업,19600000000
461910,PLUS 미국테크TOP10레버리지(합성),19500000000
289040,KODEX MSCI KOREA ESG유니버설,19500000000
477490,에셋플러스 글로벌일등기업포커스10액티브,19500000000
461900,PLUS 미국테크TOP10,19500000000
491510,파워 K-주주가치액티브,19500000000
239660,PLUS 우량회사채50,19300000000
0084E0,KIWOOM 미국대형주500월간목표헤지액티브,19000000000
371450,TIGER 글로벌클라우드컴퓨팅INDXX,19000000000
108590,TREX 200,18900000000
469050,RISE 미국반도체NYSE(H),18800000000
453820,KODEX 인도Nifty50레버리지(합성),18700000000
337150,KODEX 200exTOP,18700000000
289250,TIGER MSCI KOREA ESG유니버설,18700000000
0028X0,KODEX 미국금융테크액티브,18700000000
337120,KODEX 멀티팩터,18600000000
483330,ACE 마이크로소프트밸류체인액티브,18600000000
0067Y0,TIGER 차이나AI소프트웨어,18500000000
387280,TIGER 퓨처모빌리티액티브,18500000000
468370,KODEX iShares미국인플레이션국채액티브,18500000000
464600,SOL 자동차소부장Fn,18500000000
291130,ACE MSCI멕시코(합성),18300000000
448490,HANARO 32-10 국고채액티브,18200000000
0021D0,ACE TDF2030액티브 적격,18200000000
213630,PLUS 미국다우존스고배당주(합성 H),18200000000
449580,RISE 테슬라애플아마존채권혼합,18200000000
0153P0,ACE 리츠부동산인프라액티브,18000000000
0090B0,PLUS K방산소부장,17900000000
0174B0,KoAct 글로벌AI메모리반도체액티브,17900000000
0018Z0,RISE 미국양자컴퓨팅,17800000000
0015F0,KIWOOM 팔란티어미국30년국채혼합액티브(H),17700000000
371150,RISE 차이나항셍테크,17600000000
460660,RISE 미국S&P배당킹,17600000000
250730,RISE 차이나HSCEI(H),17600000000
494420,PLUS 미국배당증가성장주데일리커버드콜,17600000000
407820,에셋플러스 코리아플랫폼액티브,17600000000
404120,TIME K신재생에너지액티브,17500000000
400570,KODEX 유럽탄소배출권선물ICE(H),17500000000
276000,TIGER 글로벌자원생산기업(합성 H),17500000000
487950,KODEX 대만테크고배당다우존스,16900000000
289260,TIGER MSCI KOREA ESG리더스,16900000000
304760,HANARO KRX300,16900000000
482030,KoAct 반도체&2차전지핵심소재액티브,16900000000
104520,KIWOOM 블루칩,16800000000
0164G0,RISE 차이나AI반도체TOP4Plus,16800000000
183710,RISE 주식혼합,16600000000
453630,KODEX 미국S&P500필수소비재,16600000000
0177X0,ACE K휴머노이드로봇산업TOP2+,16600000000
0086C0,TIGER 리츠부동산인프라10채권혼합액티브,16500000000
474920,에셋플러스 차이나일등기업포커스10액티브,16500000000
447660,PLUS 애플채권혼합,16400000000
469160,ACE 일본반도체,16400000000
300610,TIGER K게임,16400000000
381560,HANARO Fn전기&수소차,16400000000
195920,TIGER 일본TOPIX(합성 H),16300000000
453010,PLUS KOFR금리,16200000000
438900,HANARO Fn K-푸드,16200000000
227830,PLUS 코스피,16200000000
442550,RISE TDF2030액티브 적격,16200000000
422260,VITA MZ소비액티브,16100000000
354350,HANARO 글로벌럭셔리S&P(합성),16000000000
0094L0,RISE 차이나테크TOP10위클리타겟커버드콜,15900000000
0000H0,KODEX 인도Nifty미드캡100,15900000000
498050,HANARO 바이오코리아액티브,15800000000
472720,TRUSTON 주주가치액티브,15800000000
463640,KODEX 미국S&P500유틸리티,15800000000
280320,ACE 미국IT인터넷(합성 H),15800000000
265690,ACE 러시아MSCI(합성),15800000000
0013P0,RISE 미국은행TOP10,15800000000
225060,TIGER 이머징마켓MSCI레버리지(합성 H),15600000000
432840,HANARO 미국S&P500,15600000000
0094X0,1Q 샤오미밸류체인액티브,15500000000
0001P0,마이티 바이오시밀러&CDMO액티브,15400000000
228820,TIGER KTOP30,15300000000
140580,RISE 우량업종대표주,15300000000
0113G0,KoAct 미국바이오헬스케어액티브,15100000000
244620,KODEX 모멘텀Plus,15000000000
409810,KODEX 미국나스닥100선물인버스(H),14800000000
131890,ACE 삼성그룹동일가중,14800000000
290080,RISE 200고배당커버드콜ATM,14700000000
0182S0,1Q K반도체TOP2채권혼합50,14500000000
234310,RISE V&S셀렉트밸류,14400000000
371870,ACE 차이나항셍테크,14400000000
0105D0,SOL 한국AI소프트웨어,14400000000
416090,ACE 중국과창판STAR50,14400000000
419420,KODEX 미국클린에너지나스닥,14400000000
404650,SOL KRX기후변화솔루션,14200000000
496130,TRUSTON 코리아밸류업액티브,14100000000
457700,KODEX 53-09 국고채액티브,14000000000
354240,RISE 미국고정배당우선증권,14000000000
0127V0,KIWOOM 미국S&P500 TOP10&배당다우비중전환,13900000000
373490,KODEX 코리아혁신성장액티브,13800000000
281990,RISE 중소형고배당,13700000000
451600,PLUS 국고채30년액티브,13700000000
435040,ACE 글로벌브랜드TOP10,13700000000
417450,RISE 글로벌수소경제,13600000000
413930,WON AI ESG액티브,13500000000
269370,TIGER S&P글로벌인프라(합성),13300000000
453660,KODEX 미국S&P500경기소비재,13300000000
166400,TIGER 200커버드콜OTM,13300000000
137610,TIGER 농산물선물Enhanced(H),13200000000
140710,KODEX 운송,13200000000
380340,ACE 코리아AI테크핵심산업,13200000000
428560,KODEX 미국ETF산업Top10 Indxx,13200000000
0127T0,KIWOOM 미국S&P500&배당다우존스비중전환,13100000000
466810,BNK 2차전지양극재,13000000000
484890,SOL 머니마켓액티브,13000000000
301400,PLUS 코스닥150,13000000000
332610,PLUS 미국단기회사채(AAA~A),12900000000
395760,PLUS ESG성장주액티브,12900000000
0177A0,WON 두산그룹포커스,12900000000
279540,KODEX 최소변동성,12900000000
0021C0,ACE TDF장기자산배분액티브,12900000000
465670,TIGER 미국캐시카우100,12800000000
0133E0,TIGER 차이나증권,12700000000
0093B0,RISE 엔비디아고정테크100,12600000000
261110,TIGER 미국달러선물레버리지,12600000000
385710,TIME K이노베이션액티브,12500000000
456250,KODEX 유럽명품TOP10 STOXX,12500000000
251590,PLUS 고배당저변동50,12400000000
464610,SOL 의료기기소부장Fn,12400000000
114460,ACE 국고채3년,12200000000
269530,PLUS S&P글로벌인프라,12200000000
463690,KODEX 미국S&P500커뮤니케이션,12200000000
0172Y0,ACE K수출핵심TOP10산업액티브,12200000000
395150,KODEX 웹툰&드라마,12200000000
453060,HANARO KOFR금리액티브(합성),12100000000
379790,RISE 유로스탁스50(H),12100000000
0087F0,ACE 차이나AI빅테크TOP2+액티브,12100000000
449680,TIGER 한중전기차(합성),12000000000
0138D0,RISE 동학개미,12000000000
292770,KODEX 국채선물3년인버스,12000000000
0004G0,1Q 미국배당TOP30,11900000000
494180,TIME 글로벌소비트렌드액티브,11900000000
105010,TIGER 라틴35,11800000000
280920,PLUS 주도업종,11800000000
494340,ACE 글로벌AI맞춤형반도체,11700000000
310080,RISE 중국MSCI China(H),11700000000
0008E0,ACE 미국중심중소형제조업,11700000000
487910,ACE 인도컨슈머파워액티브,11600000000
395280,HANARO Fn K-게임,11600000000
451150,에셋플러스 글로벌영에이지액티브,11600000000
0047N0,PLUS 차이나AI테크TOP10,11600000000
430500,KIWOOM 물가채KIS,11400000000
0120J0,BNK 카카오그룹포커스,11400000000
0127R0,RISE 미국AI클라우드인프라,11300000000
253280,RISE 헬스케어,11300000000
485810,TIME 글로벌바이오액티브,11300000000
117690,TIGER 차이나항셍30,11000000000
139290,TIGER 200 경기소비재,11000000000
480460,WON 한국부동산TOP3플러스,10900000000
399580,RISE 글로벌클린에너지,10900000000
411860,KIWOOM 독일DAX,10700000000
460270,KIWOOM 미국달러SOFR금리액티브(합성),10700000000
0166T0,PLUS 글로벌저작권핵심기업액티브,10600000000
489860,KIWOOM 글로벌전력GRID인프라,10600000000
237440,TIGER 경기방어채권혼합,10600000000
225800,KIWOOM 미국달러선물레버리지,10500000000
0002C0,에셋플러스 인도일등기업포커스20액티브,10400000000
266390,KODEX 경기소비재,10400000000
0176P0,FOCUS AI반도체위클리고정커버드콜,10400000000
181480,ACE 미국부동산리츠(합성 H),10300000000
341850,TIGER 리츠부동산인프라채권,10300000000
375270,RISE 글로벌데이터센터리츠(합성),10200000000
140570,RISE 수출주,10200000000
326230,RISE 내수주플러스,10100000000
488290,마이다스 일본테크액티브,10000000000
0082F0,HANARO 유럽방산,9900000000
230480,KIWOOM 미국달러선물인버스2X,9900000000
435550,KIWOOM TDF2050액티브 적격,9800000000
429740,PLUS K리츠,9700000000
0102X0,ACE 유럽방산TOP10,9700000000
381570,HANARO Fn친환경에너지,9600000000
215620,HK S&P코리아로우볼,9600000000
270800,RISE KQ고배당,9600000000
487920,ACE 인도시장대표BIG5그룹액티브,9500000000
429010,TIGER 미국나스닥넥스트100,9500000000
0174R0,KIWOOM 미국성장다우존스,9500000000
174350,TIGER 로우볼,9500000000
450180,KODEX 한중전기차(합성),9500000000
390400,KODEX 미국스마트모빌리티S&P,9400000000
433250,UNICORN R&D 액티브,9400000000
0084D0,KIWOOM 미국테크100월간목표헤지액티브,9100000000
483020,KIWOOM 의료AI,9000000000
429980,SOL 한국형글로벌전기차&2차전지액티브,9000000000
437370,RISE 글로벌농업경제,9000000000
0053M0,더제이 중소형포커스액티브,8900000000
0036Z0,RISE 미국천연가스밸류체인,8900000000
494210,SOL 미국500타겟데일리커버드콜액티브,8900000000
0005C0,RISE 미국S&P500엔화노출(합성 H),8900000000
451670,RISE 국채30년레버리지(합성),8900000000
457930,BNK 미래전략기술액티브,8900000000
227570,TIGER 우량가치,8900000000
497510,ACE 글로벌빅파마,8800000000
438740,마이다스 중소형액티브,8800000000
250780,TIGER 코스닥150선물인버스,8700000000
435540,KIWOOM TDF2040액티브 적격,8700000000
499150,SOL 미국S&P500엔화노출(H),8700000000
0154H0,KoAct 차이나바이오헬스케어액티브,8500000000
256450,PLUS 심천차이넥스트(합성),8500000000
291630,KIWOOM 코스닥150선물레버리지,8500000000
368680,KODEX K-뉴딜디지털플러스,8400000000
404540,TIGER KRX기후변화솔루션,8400000000
139240,TIGER 200 철강소재,8400000000
182490,TIGER 단기선진하이일드(합성 H),8300000000
462340,에셋플러스 글로벌다이나믹시니어액티브,8300000000
219900,ACE 중국본토CSI300레버리지(합성),8100000000
497520,ACE 일라이릴리밸류체인,8100000000
217780,TIGER 차이나CSI300인버스(합성),7900000000
435530,KIWOOM TDF2030액티브 적격,7800000000
243890,TIGER 200에너지화학레버리지,7700000000
244670,KODEX 밸류Plus,7700000000
413220,SOL 차이나태양광CSI(합성),7600000000
285690,FOCUS ESG리더스,7500000000
0174J0,DAISHIN343 오피스리츠플러스,7500000000
395750,PLUS ESG가치주액티브,7500000000
402460,HANARO Fn K-메타버스MZ,7400000000
488480,RISE 일본섹터TOP4Plus,7400000000
0078V0,PLUS 미국로보택시,7400000000
189400,PLUS 글로벌MSCI(합성 H),7300000000
316300,ACE 싱가포르리츠,7300000000
304670,KODEX 미국30년국채울트라선물인버스(H),7100000000
0073X0,FOCUS 알리바바미국채커버드콜혼합,7000000000
0132D0,KoAct 글로벌K컬처밸류체인액티브,7000000000
0131A0,SOL 차이나소비트렌드,7000000000
314700,HANARO 농업융복합산업,7000000000
456200,PLUS 미국달러SOFR금리액티브(합성),6900000000
176950,KODEX 국채선물10년인버스,6900000000
407300,HANARO Fn골프테마,6800000000
400590,SOL 글로벌탄소배출권선물ICE(합성),6800000000
391600,ACE 미국친환경그린테마,6700000000
307510,TIGER 의료기기,6500000000
474390,SOL 국고채30년액티브,6400000000
139660,KIWOOM 미국달러선물인버스,6300000000
289670,PLUS 국채선물10년,6300000000
306530,HANARO 코스닥150선물레버리지,6000000000
138920,KODEX 콩선물(H),6000000000
483030,KIWOOM 미국블록버스터바이오테크의약품+,5800000000
295000,RISE 국채선물10년,5700000000
0114X0,RISE 글로벌게임테크TOP3Plus,5700000000
220130,SOL 차이나강소기업CSI500(합성 H),5600000000
469530,RISE 미국달러선물인버스,5600000000
401590,HANARO 글로벌탄소배출권선물ICE(합성),5500000000
432600,RISE 국채선물3년,5500000000
0128D0,PLUS 차이나항셍테크위클리타겟커버드콜,5500000000
400580,SOL 유럽탄소배출권선물S&P(H),5400000000
267450,RISE 미국장기국채선물인버스(H),5400000000
261920,ACE MSCI필리핀(합성),5400000000
0015E0,KIWOOM 엔비디아미국30년국채혼합액티브(H),5400000000
321410,KODEX 멀티에셋하이인컴(H),5300000000
483240,TIGER 미국나스닥100ETF선물,5300000000
476000,UNICORN 포스트IPO액티브,5300000000
291890,KODEX MSCI EM선물(H),5300000000
498610,RISE 인도디지털성장,5200000000
244660,KODEX 퀄리티Plus,5200000000
225030,TIGER 미국S&P500선물인버스(H),5200000000
397420,RISE 국채선물5년추종,5200000000
427120,RISE AI플랫폼,5200000000
476310,RISE 글로벌비만산업TOP2+,5200000000
266550,PLUS 중형주저변동50,5200000000
334690,RISE 팔라듐선물(H),5100000000
267440,RISE 미국장기국채선물(H),5000000000
277650,TIGER 코스피중형주,4900000000
227550,TIGER 200 산업재,4900000000
0015K0,TIGER 미국소비트렌드액티브,4900000000
488210,KIWOOM K-반도체북미공급망,4800000000
227560,TIGER 200 생활소비재,4800000000
205720,ACE 일본TOPIX인버스(합성 H),4800000000
226380,ACE Fn성장소비주도주,4700000000
252420,RISE 200선물인버스2X,4700000000
373790,KIWOOM 미국방어배당성장나스닥,4600000000
315270,TIGER 200커뮤니케이션서비스,4600000000
0010E0,ACE FTSE WGBI Korea,4500000000
490330,KoAct 미국치매&뇌질환치료제액티브,4500000000
225050,TIGER 유로스탁스레버리지(합성 H),4400000000
0050E0,PLUS 미국AI에이전트,4300000000
238670,PLUS 스마트베타Quality채권혼합,4000000000
267490,RISE 미국장기국채선물레버리지(합성 H),3900000000
291680,RISE 차이나H선물인버스(H),3800000000
470310,UNICORN 생성형AI강소기업액티브,3800000000
145670,ACE 인버스,3800000000
252410,RISE 200선물인버스,3700000000
491630,RISE 미국반도체인버스(합성 H),3600000000
454180,KIWOOM 차이나내수소비TOP CSI,3500000000
424460,HANARO 글로벌워터MSCI(합성),3300000000
0079X0,ACE BYD밸류체인액티브,3200000000
280940,KODEX 골드선물인버스(H),2900000000
489010,PLUS 글로벌AI인프라,2900000000
452440,VITA 밸류알파액티브,2900000000
253230,KIWOOM 200선물인버스2X,2600000000
291620,KIWOOM 코스닥150선물인버스,2200000000
253160,PLUS 200선물인버스2X,2000000000
275750,RISE 코스닥150선물인버스,2000000000
253240,KIWOOM 200선물인버스,1900000000
412560,TIGER BBIG레버리지,1900000000
334700,RISE 팔라듐선물인버스(H),1800000000
465620,ACE 미국빅테크TOP7 Plus인버스(합성),1700000000
306520,HANARO 200선물인버스,1200000000
301410,PLUS 코스닥150선물인버스,700000000
