symbol,name,exchange,market_cap
005930,삼성전자,KOSPI,1259873040024000
000660,SK하이닉스,KOSPI,831010957590000
005935,삼성전자우,KOSPI,118068922521450
005380,현대차,KOSPI,108521615980000
373220,LG에너지솔루션,KOSPI,100269000000000
402340,SK스퀘어,KOSPI,93426537288000
207940,삼성바이오로직스,KOSPI,74482140159000
012450,한화에어로스페이스,KOSPI,73787226831000
034020,두산에너빌리티,KOSPI,71294455549800
000270,기아,KOSPI,61685253684000
105560,KB금융,KOSPI,60140778391500
329180,HD현대중공업,KOSPI,55209604350000
009150,삼성전기,KOSPI,50866406976000
032830,삼성생명,KOSPI,50800000000000
028260,삼성물산,KOSPI,48893947771500
055550,신한지주,KOSPI,47512901536100
068270,셀트리온,KOSPI,45830250896500
006400,삼성SDI,KOSPI,43032673020000
042660,한화오션,KOSPI,39466045147200
267260,HD현대일렉트릭,KOSPI,39399518555000
006800,미래에셋증권,KOSPI,38372363792800
012330,현대모비스,KOSPI,38198417443000
010130,고려아연,KOSPI,34857858230000
086790,하나금융지주,KOSPI,34261907703400
035420,NAVER,KOSPI,33409611894000
005490,POSCO홀딩스,KOSPI,30943816293500
015760,한국전력,KOSPI,29690838561250
009540,HD한국조선해양,KOSPI,29441616256000
298040,효성중공업,KOSPI,28150810412000
010120,LS ELECTRIC,KOSPI,27660000000000
034730,SK,KOSPI,27442273085500
042700,한미반도체,KOSPI,27306945300000
316140,우리금융지주,KOSPI,26353339888000
051910,LG화학,KOSPI,25942686052500
010140,삼성중공업,KOSPI,25300000000000
272210,한화시스템,KOSPI,24691764142300
064350,현대로템,KOSPI,24065875606500
000150,두산,KOSPI,23043827205000
096770,SK이노베이션,KOSPI,21757093815600
035720,카카오,KOSPI,21684898705250
000810,삼성화재,KOSPI,21296844621000
003670,포스코퓨처엠,KOSPI,21058017585000
017670,SK텔레콤,KOSPI,20684282103900
079550,LIG디펜스앤에어로스페이스,KOSPI,20438000000000
066570,LG전자,KOSPI,20295643820200
267250,HD현대,KOSPI,20222229760000
011200,HMM,KOSPI,19855159268500
138040,메리츠금융지주,KOSPI,19773148941000
033780,KT&G,KOSPI,19712915275500
000720,현대건설,KOSPI,19487258875000
047810,한국항공우주,KOSPI,18218097498300
024110,기업은행,KOSPI,17981953345950
086280,현대글로비스,KOSPI,16987500000000
030200,KT,KOSPI,16003376997500
278470,에이피알,KOSPI,15555553402500
071050,한국금융지주,KOSPI,14600209904000
0126Z0,삼성에피스홀딩스,KOSPI,14506817567000
003550,LG,KOSPI,14504540069250
018260,삼성에스디에스,KOSPI,14036332920000
047050,포스코인터내셔널,KOSPI,13458093282000
010950,S-Oil,KOSPI,13048345592800
005940,NH투자증권,KOSPI,12507687351900
259960,크래프톤,KOSPI,12467801933000
323410,카카오뱅크,KOSPI,11999578990550
005830,DB손해보험,KOSPI,11975678400000
039490,키움증권,KOSPI,11703519585000
307950,현대오토에버,KOSPI,11655192350000
047040,대우건설,KOSPI,11505413864000
352820,하이브,KOSPI,11012624619500
003230,삼양식품,KOSPI,10478423865000
006260,LS,KOSPI,10436400000000
011070,LG이노텍,KOSPI,9786348744500
016360,삼성증권,KOSPI,9760490000000
007660,이수페타시스,KOSPI,9756085205100
000880,한화,KOSPI,9752131423500
028050,삼성E&A,KOSPI,9731400000000
003490,대한항공,KOSPI,9223927558050
443060,HD현대마린솔루션,KOSPI,8751076592000
005387,현대차2우B,KOSPI,8688536605000
326030,SK바이오팜,KOSPI,8097590050000
267270,HD건설기계,KOSPI,7915729470000
180640,한진칼,KOSPI,7827877212750
000100,유한양행,KOSPI,7733782057100
090430,아모레퍼시픽,KOSPI,7674249980800
377300,카카오페이,KOSPI,7641363235500
001440,대한전선,KOSPI,7523148555000
032640,LG유플러스,KOSPI,7491908227650
066970,엘앤에프,KOSPI,7403685606000
009830,한화솔루션,KOSPI,7399973674800
161390,한국타이어앤테크놀로지,KOSPI,7358179098600
034220,LG디스플레이,KOSPI,7200000000000
052690,한전기술,KOSPI,6864312000000
241560,두산밥캣,KOSPI,6834537434500
128940,한미약품,KOSPI,6777014239000
078930,GS,KOSPI,6606283375800
064400,LG씨엔에스,KOSPI,6316963809600
062040,산일전기,KOSPI,6306865100000
029780,삼성카드,KOSPI,6302723670400
001040,CJ,KOSPI,6156346578000
454910,두산로보틱스,KOSPI,6034740138000
138930,BNK금융지주,KOSPI,5976898655580
175330,JB금융지주,KOSPI,5920575216800
021240,코웨이,KOSPI,5909080071000
005385,현대차우,KOSPI,5858580960000
036570,NC,KOSPI,5795341918000
450080,에코프로머티,KOSPI,5440079933400
088980,맥쿼리인프라,KOSPI,5435764620550
000990,DB하이텍,KOSPI,5403269829600
271560,오리온,KOSPI,5369006725600
004020,현대제철,KOSPI,5144335011750
010060,OCI홀딩스,KOSPI,5143648916000
022100,포스코DX,KOSPI,5047553002800
002380,KCC,KOSPI,4940877876000
353200,대덕전자,KOSPI,4600715717500
082740,한화엔진,KOSPI,4572903381600
489790,한화비전,KOSPI,4296561989000
251270,넷마블,KOSPI,4237351180700
088350,한화생명,KOSPI,4194999900000
018880,한온시스템,KOSPI,4192282524920
011790,SKC,KOSPI,4142791801200
103590,일진전기,KOSPI,4110480618000
017800,현대엘리베이터,KOSPI,3995241747000
051900,LG생활건강,KOSPI,3875347741750
011170,롯데케미칼,KOSPI,3836955084300
111770,영원무역,KOSPI,3810786248000
375500,DL이앤씨,KOSPI,3691371634200
012510,더존비즈온,KOSPI,3630661249000
035250,강원랜드,KOSPI,3628430880000
097950,CJ제일제당,KOSPI,3560314989000
004170,신세계,KOSPI,3551388056000
302440,SK바이오사이언스,KOSPI,3522699229700
012750,에스원,KOSPI,3484524622600
031210,서울보증보험,KOSPI,3480606660300
011780,금호석유화학,KOSPI,3451584990000
439260,대한조선,KOSPI,3440399661600
023530,롯데쇼핑,KOSPI,3414452728500
036460,한국가스공사,KOSPI,3364808850000
001720,신영증권,KOSPI,3345540000000
457190,이수스페셜티케미컬,KOSPI,3339185356000
006360,GS건설,KOSPI,3269212918000
014680,한솔케미칼,KOSPI,3217765185000
139130,iM금융지주,KOSPI,3096841960240
071970,HD현대마린엔진,KOSPI,3080071746000
028670,팬오션,KOSPI,3020317742800
085620,미래에셋생명,KOSPI,2952846221520
009970,영원무역홀딩스,KOSPI,2861838244000
004990,롯데지주,KOSPI,2855367182400
005850,에스엘,KOSPI,2842649424000
139480,이마트,KOSPI,2836850193200
103140,풍산,KOSPI,2836056933600
00680K,미래에셋증권2우B,KOSPI,2805075000000
336260,두산퓨얼셀,KOSPI,2786758041300
020150,롯데에너지머티리얼즈,KOSPI,2743950261200
008930,한미사이언스,KOSPI,2739081577500
026960,동서,KOSPI,2736765000000
001450,현대해상,KOSPI,2713290000000
051600,한전KPS,KOSPI,2691000000000
112610,씨에스윈드,KOSPI,2682101230800
004800,효성,KOSPI,2671768957200
009420,한올바이오파마,KOSPI,2653824410400
120110,코오롱인더,KOSPI,2647229228800
383220,F&F,KOSPI,2593388977500
017960,한국카본,KOSPI,2584171902000
279570,케이뱅크,KOSPI,2568050305830
001430,세아베스틸지주,KOSPI,2564141508500
000500,가온전선,KOSPI,2516207791500
483650,달바글로벌,KOSPI,2478733000000
000120,CJ대한통운,KOSPI,2470576855200
204320,HL만도,KOSPI,2469944512000
097230,HJ중공업,KOSPI,2469577658400
192820,코스맥스,KOSPI,2406095908000
007340,DN오토모티브,KOSPI,2390168835250
000240,한국앤컴퍼니,KOSPI,2321166618000
004370,농심,KOSPI,2317486602000
081660,미스토홀딩스,KOSPI,2301531264000
282330,BGF리테일,KOSPI,2298759498000
030000,제일기획,KOSPI,2290470789750
011210,현대위아,KOSPI,2289825988600
298020,효성티앤씨,KOSPI,2254722322000
018670,SK가스,KOSPI,2249510292000
000155,두산우,KOSPI,2242015182000
007810,코리아써키트,KOSPI,2199206254000
005440,현대지에프홀딩스,KOSPI,2198250644100
003690,코리안리,KOSPI,2194875205020
002790,아모레퍼시픽홀딩스,KOSPI,2121714495000
023590,다우기술,KOSPI,2116749556800
008770,호텔신라,KOSPI,2107624097700
069960,현대백화점,KOSPI,2086376558600
161890,한국콜마,KOSPI,2044199668200
361610,SK아이이테크놀로지,KOSPI,2028320080000
395400,SK리츠,KOSPI,2010797701600
462870,시프트업,KOSPI,1991314843000
007070,GS리테일,KOSPI,1973134994000
005070,코스모신소재,KOSPI,1962981146100
001120,LX인터내셔널,KOSPI,1957380000000
003540,대신증권,KOSPI,1912187792550
475150,SK이터닉스,KOSPI,1839618216000
077970,STX엔진,KOSPI,1838781285400
322000,HD현대에너지솔루션,KOSPI,1824480000000
003570,SNT다이내믹스,KOSPI,1788995098600
069620,대웅제약,KOSPI,1760000742500
006040,동원산업,KOSPI,1752675044200
229640,LS에코에너지,KOSPI,1748680590900
006280,녹십자,KOSPI,1728438970200
073240,금호타이어,KOSPI,1724998023435
003530,한화투자증권,KOSPI,1628417612250
012630,HDC,KOSPI,1610039380950
001800,오리온홀딩스,KOSPI,1572400092200
032350,롯데관광개발,KOSPI,1554616787220
030610,교보증권,KOSPI,1538499973500
294870,IPARK현대산업개발,KOSPI,1529050056000
020560,아시아나항공,KOSPI,1483133119200
007310,오뚜기,KOSPI,1476885355000
034230,파라다이스,KOSPI,1430197658080
100090,SK오션플랜트,KOSPI,1427625247650
181710,NHN,KOSPI,1421486232600
004000,롯데정밀화학,KOSPI,1411260000000
093370,후성,KOSPI,1395391843300
330590,롯데리츠,KOSPI,1381271265520
003240,태광산업,KOSPI,1380616000000
000210,DL,KOSPI,1376801578800
082640,동양생명,KOSPI,1361866457400
003090,대웅,KOSPI,1360522332000
051915,LG화학우,KOSPI,1349384400000
300720,한일시멘트,KOSPI,1249533100910
089860,롯데렌탈,KOSPI,1225441845000
185750,종근당,KOSPI,1224306586000
000080,하이트진로,KOSPI,1220324831400
415640,KB발해인프라,KOSPI,1214426380680
000670,영풍,KOSPI,1208060476700
001740,SK네트웍스,KOSPI,1188262333740
005690,파미셀,KOSPI,1150525199880
281820,케이씨텍,KOSPI,1148312926500
005300,롯데칠성,KOSPI,1129240182800
100840,SNT에너지,KOSPI,1129170751800
000815,삼성화재우,KOSPI,1129136010000
090460,비에이치,KOSPI,1117537484700
192080,더블유게임즈,KOSPI,1107372376400
365550,ESR켄달스퀘어리츠,KOSPI,1100017830000
075580,세진중공업,KOSPI,1090941060640
280360,롯데웰푸드,KOSPI,1088635158000
451800,한화리츠,KOSPI,1079396000000
137310,에스디바이오센서,KOSPI,1066214570660
484870,엠앤씨솔루션,KOSPI,1063683180000
006120,SK디스커버리,KOSPI,1053531935500
195870,해성디에스,KOSPI,1042100000000
192400,쿠쿠홀딩스,KOSPI,1041972020500
071055,한국금융지주우,KOSPI,1032223826200
006650,대한유화,KOSPI,1027000000000
036530,SNT홀딩스,KOSPI,1004319377600
285130,SK케미칼,KOSPI,1003328428000
003470,유안타증권,KOSPI,997982880000
009450,경동나비엔,KOSPI,993577974400
298050,HS효성첨단소재,KOSPI,987828534000
499790,GS피앤엘,KOSPI,983609713600
079900,전진건설로봇,KOSPI,976241260500
057050,현대홈쇼핑,KOSPI,962400000000
00088K,한화3우B,KOSPI,959549607450
033240,자화전자,KOSPI,933357686400
009240,한샘,KOSPI,931355200600
030190,NICE평가정보,KOSPI,929034780790
066575,LG전자우,KOSPI,917731972800
249420,일동제약,KOSPI,914345482800
248070,솔루엠,KOSPI,912333782880
003030,세아제강지주,KOSPI,896668740500
003160,디아이,KOSPI,892865000000
064960,SNT모티브,KOSPI,891753139200
071320,지역난방공사,KOSPI,888089664800
108320,LX세미콘,KOSPI,883151490000
456040,OCI,KOSPI,871077763500
005880,대한해운,KOSPI,869804081300
003850,보령,KOSPI,868166534840
001510,SK증권,KOSPI,861805488573
025540,한국단자,KOSPI,858763500000
003620,KG모빌리티,KOSPI,858069626880
010780,아이에스동서,KOSPI,855800769600
004490,세방전지,KOSPI,852390000000
006110,삼아알미늄,KOSPI,849938171000
317450,명인제약,KOSPI,840960000000
011930,신성이엔지,KOSPI,805895511165
079160,CJ CGV,KOSPI,805558225185
003280,흥아해운,KOSPI,799412789175
002020,코오롱,KOSPI,787368480000
009155,삼성전기우,KOSPI,781978696000
000370,한화손해보험,KOSPI,778648563050
001270,부국증권,KOSPI,776704461400
336370,솔루스첨단소재,KOSPI,773795130880
010820,퍼스텍,KOSPI,769621181640
003000,부광약품,KOSPI,764651200250
00104K,CJ4우(전환),KOSPI,762462764800
007700,F&F홀딩스,KOSPI,760383294480
093050,LF,KOSPI,760240000000
178920,PI첨단소재,KOSPI,751777843200
214320,이노션,KOSPI,751200000000
014820,동원시스템즈,KOSPI,747975075600
114090,GKL,KOSPI,747216493600
002350,넥센타이어,KOSPI,739345828890
017900,광전자,KOSPI,738782978250
069260,TKG휴켐스,KOSPI,737040941640
293940,신한알파리츠,KOSPI,736525349070
001680,대상,KOSPI,731073327500
005090,SGC에너지,KOSPI,730553183100
001060,JW중외제약,KOSPI,714878051000
217590,티엠씨,KOSPI,707165503750
005180,빙그레,KOSPI,699811840500
001500,현대차증권,KOSPI,686346788400
058650,세아홀딩스,KOSPI,684510553200
005250,녹십자홀딩스,KOSPI,678617070300
008730,율촌화학,KOSPI,678280000000
161000,애경케미칼,KOSPI,678163003460
000400,롯데손해보험,KOSPI,673429814400
002840,미원상사,KOSPI,665475000000
019170,신풍제약,KOSPI,662570118080
017940,E1,KOSPI,661304000000
001820,삼화콘덴서,KOSPI,659043000000
002240,고려제강,KOSPI,658800000000
039130,하나투어,KOSPI,657547613400
002960,한국쉘석유,KOSPI,656500000000
005810,풍산홀딩스,KOSPI,656347218300
094800,맵스리얼티,KOSPI,656338720170
000640,동아쏘시오홀딩스,KOSPI,655074877100
383800,LX홀딩스,KOSPI,647623058100
005420,코스모화학,KOSPI,644490065840
130660,한전산업,KOSPI,638308000000
001570,금양,KOSPI,633275240400
271940,일진하이솔루스,KOSPI,628944450800
003545,대신증권우,KOSPI,624753341600
006380,카프로,KOSPI,618539985360
268280,미원에스씨,KOSPI,617000000000
0120G0,삼양바이오팜,KOSPI,612715688000
448730,삼성FN리츠,KOSPI,607303500000
009410,태영건설,KOSPI,605595808730
014830,유니드,KOSPI,592841760000
016610,DB증권,KOSPI,586184632090
016380,KG스틸,KOSPI,577051335690
950210,프레스티지바이오파마,KOSPI,576923088000
005389,현대차3우B,KOSPI,567898288000
020000,한섬,KOSPI,560943675000
004690,삼천리,KOSPI,558376942500
009900,명신산업,KOSPI,557757513790
284740,쿠쿠홈시스,KOSPI,551958318000
016590,신대양제지,KOSPI,550065243000
003300,한일홀딩스,KOSPI,545742046800
000070,삼양홀딩스,KOSPI,538765455400
002030,아세아,KOSPI,538389798000
453340,현대그린푸드,KOSPI,530106249960
377740,바이오노트,KOSPI,523889147200
105840,우진,KOSPI,523119653000
460860,동국제강,KOSPI,520884178500
381970,케이카,KOSPI,517989197280
005945,NH투자증권우,KOSPI,516120974800
090435,아모레퍼시픽우,KOSPI,506775840000
029530,신도리코,KOSPI,505217908000
006340,대원전선,KOSPI,501852262400
006220,제주은행,KOSPI,500074909110
145990,삼양사,KOSPI,499686604050
034310,NICE,KOSPI,497324334210
027410,BGF,KOSPI,492941473650
031430,신세계인터내셔날,KOSPI,488054700000
001200,유진투자증권,KOSPI,484332090000
029460,케이씨,KOSPI,483917527200
008060,대덕,KOSPI,479944083320
145720,덴티움,KOSPI,479488339600
452260,한화갤러리아,KOSPI,475925342550
017810,풀무원,KOSPI,473075926220
105630,한세실업,KOSPI,471600000000
001530,DI동일,KOSPI,470543328000
192650,드림텍,KOSPI,464886101260
004700,조광피혁,KOSPI,458790522000
357120,코람코라이프인프라리츠,KOSPI,456989487030
002710,TCC스틸,KOSPI,454545505980
344820,KCC글라스,KOSPI,452764015200
000157,두산2우B,KOSPI,445625962000
025860,남해화학,KOSPI,445619221710
170900,동아에스티,KOSPI,445047719250
072710,농심홀딩스,KOSPI,444764061000
089590,제주항공,KOSPI,441106187950
015360,INVENI,KOSPI,434910000000
015860,일진홀딩스,KOSPI,434257850400
092790,넥스틸,KOSPI,433713360000
005610,SPC삼립,KOSPI,432313350900
016800,퍼시스,KOSPI,431250000000
006405,삼성SDI우,KOSPI,427933492000
306200,세아제강,KOSPI,418070620000
183190,아세아시멘트,KOSPI,417998600600
009290,광동제약,KOSPI,417820389120
091810,트리니티항공,KOSPI,415447301910
126720,수산인더스트리,KOSPI,412865400000
417310,코람코더원리츠,KOSPI,410868000000
097520,엠씨넥스,KOSPI,409805325000
012030,DB,KOSPI,408383083990
026890,스틱인베스트먼트,KOSPI,399693698250
007690,국도화학,KOSPI,397752734400
084010,대한제강,KOSPI,394242206120
018250,애경산업,KOSPI,392979832800
010690,화신,KOSPI,392854612500
001390,KG케미칼,KOSPI,391968564900
034830,한국토지신탁,KOSPI,388580924970
001940,KISCO홀딩스,KOSPI,388432812000
060980,HL홀딩스,KOSPI,387666766900
194370,제이에스코퍼레이션,KOSPI,386793384140
001750,한양증권,KOSPI,381856020000
403550,쏘카,KOSPI,380309225160
200880,서연이화,KOSPI,377587264890
126560,현대퓨처넷,KOSPI,376894071900
104700,한국철강,KOSPI,369603000000
005720,넥센,KOSPI,368918001530
092230,KPX홀딩스,KOSPI,368389131200
011760,현대코퍼레이션,KOSPI,367765254800
002310,아세아제지,KOSPI,366880443000
002810,삼영무역,KOSPI,358258791200
011500,한농화성,KOSPI,357306409700
001230,동국홀딩스,KOSPI,357119424090
017860,DS단석,KOSPI,356959503600
084690,대상홀딩스,KOSPI,356331373920
009160,SIMPAC,KOSPI,353656936880
001340,PKC,KOSPI,351261942740
272450,진에어,KOSPI,348174000000
078520,에이블씨엔씨,KOSPI,347289049350
286940,롯데이노베이트,KOSPI,341923694200
003520,영진약품,KOSPI,336888410502
123890,한국자산신탁,KOSPI,336528296500
003720,삼영,KOSPI,334220000000
033270,유나이티드제약,KOSPI,334126275000
037270,YG PLUS,KOSPI,333594696400
900140,엘브이엠씨홀딩스,KOSPI,332373543040
053690,한미글로벌,KOSPI,329822255000
024720,콜마홀딩스,KOSPI,328215198630
128820,대성산업,KOSPI,321624248580
096760,JW홀딩스,KOSPI,317138001180
000650,천일고속,KOSPI,314428400000
475560,더본코리아,KOSPI,314352964000
088260,이리츠코크렙,KOSPI,313857578450
003920,남양유업,KOSPI,313200000000
006805,미래에셋증권우,KOSPI,313185437500
017390,서울가스,KOSPI,312840000000
001460,BYC,KOSPI,312307500000
003120,일성아이에스,KOSPI,310555000000
008350,남선알미늄,KOSPI,309789816000
003960,사조대림,KOSPI,306551421150
037710,광주신세계,KOSPI,305556096000
002320,한진,KOSPI,303078570480
134380,미원화학,KOSPI,301299716000
003070,코오롱글로벌,KOSPI,301273914150
005680,삼영전자,KOSPI,299400000000
002900,TYM,KOSPI,297459000000
334890,이지스밸류플러스리츠,KOSPI,295156902750
092200,디아이씨,KOSPI,294775353020
004360,세방,KOSPI,293806818110
000320,노루홀딩스,KOSPI,292405322000
000490,대동,KOSPI,290286530550
000540,흥국화재,KOSPI,289413115725
005010,휴스틸,KOSPI,289368586250
034120,SBS,KOSPI,288286238520
058430,포스코스틸리온,KOSPI,288000000000
003200,일신방직,KOSPI,287000000000
001790,대한제당,KOSPI,282095744100
035510,신세계 I&C,KOSPI,281715135000
044450,KSS해운,KOSPI,280955159600
02826K,삼성물산우B,KOSPI,280896726000
377190,디앤디플랫폼리츠,KOSPI,280670000000
001250,GS글로벌,KOSPI,280614797600
241590,화승엔터프라이즈,KOSPI,279316562360
013890,지누스,KOSPI,278627291520
108670,LX하우시스,KOSPI,276652619500
011690,와이투솔루션,KOSPI,276017042880
404990,신한서부티엔디리츠,KOSPI,275547423940
000680,LS네트웍스,KOSPI,274628510760
000430,대원강업,KOSPI,274350000000
004310,현대약품,KOSPI,273920000000
000050,경방,KOSPI,272233631100
007160,사조산업,KOSPI,271500000000
004980,성신양회,KOSPI,270902606650
084680,이월드,KOSPI,268013704770
0030R0,대신밸류리츠,KOSPI,266021000000
136490,선진,KOSPI,263715808360
035150,백산,KOSPI,262204075230
001130,대한제분,KOSPI,261443000000
009470,삼화전기,KOSPI,260915199000
030210,다올투자증권,KOSPI,257958533910
033920,무학,KOSPI,257640000000
117580,대성에너지,KOSPI,255475000000
000390,삼화페인트,KOSPI,255168539220
122900,아이마켓코리아,KOSPI,253056318800
013580,계룡건설,KOSPI,252298122750
001780,알루코,KOSPI,252242493860
005500,삼진제약,KOSPI,251881200000
001630,종근당홀딩스,KOSPI,248238612550
092220,KEC,KOSPI,247741715994
004380,삼익THK,KOSPI,245709000000
210980,SK디앤디,KOSPI,244260051840
004710,한솔테크닉스,KOSPI,244146263040
003220,대원제약,KOSPI,243114999720
244920,에이플러스에셋,KOSPI,242354468960
348950,제이알글로벌리츠,KOSPI,242180352000
002150,도화엔지니어링,KOSPI,240760800000
009680,모토닉,KOSPI,239064034000
000480,CR홀딩스,KOSPI,238672594100
005950,이수화학,KOSPI,238225171140
016880,웅진,KOSPI,237383427600
298690,에어부산,KOSPI,237362400000
028100,동아지질,KOSPI,236592500340
004430,송원산업,KOSPI,235200000000
053210,스카이라이프,KOSPI,235001012475
004560,현대비앤지스틸,KOSPI,234777087270
051905,LG생활건강우,KOSPI,233066367000
226320,잇츠한불,KOSPI,232889325300
095570,AJ네트웍스,KOSPI,231694126080
003547,대신증권2우B,KOSPI,231358658800
432320,KB스타리츠,KOSPI,230717498375
008490,서흥,KOSPI,229878275310
010580,에스엠벡셀,KOSPI,229734884400
025000,KPX케미칼,KOSPI,228130738900
010955,S-Oil우,KOSPI,228043260900
009580,무림P&P,KOSPI,225773332880
007860,서연,KOSPI,223528114880
007570,일양약품,KOSPI,223111412160
339770,교촌에프앤비,KOSPI,222594431400
102260,동성케미컬,KOSPI,220777880400
033530,SJG세종,KOSPI,219785591900
003610,방림,KOSPI,219101761100
018470,조일알미늄,KOSPI,218566350446
000520,삼일제약,KOSPI,216701191890
003350,한국화장품제조,KOSPI,215496600000
213500,한솔제지,KOSPI,213967178240
039570,HDC랩스,KOSPI,213111904210
000140,하이트진로홀딩스,KOSPI,212806035050
001080,만호제강,KOSPI,211235000000
003650,미창석유,KOSPI,210848246400
005960,동부건설,KOSPI,209961966450
271980,제일약품,KOSPI,209691474720
102460,이연제약,KOSPI,208729887530
003555,LG우,KOSPI,207170491200
004090,한국석유,KOSPI,206787214800
487570,HS효성,KOSPI,206416355800
234080,JW생명과학,KOSPI,204899128760
016580,환인제약,KOSPI,204228768600
081000,일진다이아,KOSPI,201966304500
008970,KBI동양철관,KOSPI,200581431231
001045,CJ우,KOSPI,199803713200
031440,신세계푸드,KOSPI,196721984000
100250,진양홀딩스,KOSPI,196492500000
002990,금호건설,KOSPI,196452795600
000860,강남제비스코,KOSPI,196430000000
003460,유화증권,KOSPI,195906843825
017550,수산세보틱스,KOSPI,195621272550
002100,경농,KOSPI,195420975750
001520,동양,KOSPI,191663302589
071840,롯데하이마트,KOSPI,190986390080
101530,해태제과식품,KOSPI,190132847660
016450,한세예스24홀딩스,KOSPI,190000000000
015230,대창단조,KOSPI,189733903800
400760,NH올원리츠,KOSPI,187583474125
317400,자이에스앤디,KOSPI,187513484200
006060,화승인더,KOSPI,186981600000
009070,KCTC,KOSPI,186900000000
005430,한국공항,KOSPI,184915132000
037560,LG헬로비전,KOSPI,184323538700
025820,이구산업,KOSPI,183596580000
097955,CJ제일제당 우,KOSPI,183318497300
002170,SYTS,KOSPI,182400000000
011785,금호석유화학우,KOSPI,182013857200
272550,삼양패키징,KOSPI,180670187940
012200,계양전기,KOSPI,179670671400
012610,경인양행,KOSPI,179574614975
001360,삼성제약,KOSPI,178813788021
044820,코스맥스비티아이,KOSPI,176231950350
000300,DH오토넥스,KOSPI,174035631000
090350,노루페인트,KOSPI,174000000000
214420,토니모리,KOSPI,173675648780
462520,조선내화,KOSPI,173322556160
004960,한신공영,KOSPI,173213408940
293480,하나제약,KOSPI,173108494040
460850,동국씨엠,KOSPI,171917272000
089470,HDC현대EP,KOSPI,171622000000
025620,차AI헬스케어,KOSPI,170571227010
210540,디와이파워,KOSPI,170152720280
214390,경보제약,KOSPI,169738706000
000020,동화약품,KOSPI,168147449400
000700,유수홀딩스,KOSPI,165886342440
00279K,아모레퍼시픽홀딩스3우C,KOSPI,164184430000
003830,대한화섬,KOSPI,163742400000
009270,신원,KOSPI,163203498846
000970,한국주철관,KOSPI,163023575000
078000,텔코웨어,KOSPI,161331744420
003480,한진중공업홀딩스,KOSPI,161232773520
011280,태림포장,KOSPI,156835157100
014280,금강공업,KOSPI,156032179240
007540,샘표,KOSPI,155868360000
004970,신라교역,KOSPI,155200000000
027970,한국제지,KOSPI,153283659022
03473K,SK우,KOSPI,152290315000
070960,모나용평,KOSPI,152101332280
002780,진흥기업,KOSPI,152017973525
107590,미원홀딩스,KOSPI,149640000000
021820,세원정공,KOSPI,149600000000
094280,효성ITX,KOSPI,149100780000
079430,현대리바트,KOSPI,148880794500
015890,태경산업,KOSPI,147605187500
298000,효성화학,KOSPI,147501447900
008040,사조동아원,KOSPI,147354962400
004250,NPC,KOSPI,146880000000
083420,그린케미칼,KOSPI,146640000000
350520,이지스레지던스리츠,KOSPI,146358821940
002390,한독,KOSPI,145755814470
020120,키다리스튜디오,KOSPI,145104643890
013520,화승코퍼레이션,KOSPI,144397862020
011700,한신기계,KOSPI,144385371950
012320,경동인베스트,KOSPI,143556896100
024090,디씨엠,KOSPI,143526000000
002620,제일파마홀딩스,KOSPI,141843392400
077500,유니퀘스트,KOSPI,140400663000
004150,한솔홀딩스,KOSPI,139900774200
363280,티와이홀딩스,KOSPI,139689072360
004140,동방,KOSPI,139597839060
010100,한국무브넥스,KOSPI,139158419400
012800,대창,KOSPI,138351277482
014530,극동유화,KOSPI,138082903200
035000,HS애드,KOSPI,137927050440
014160,대영포장,KOSPI,137661077230
005800,신영와코루,KOSPI,137520000000
016710,대성홀딩스,KOSPI,137323532565
007210,벽산,KOSPI,136929200000
005870,휴니드,KOSPI,136925345500
019180,티에이치엔,KOSPI,136800000000
016740,두올,KOSPI,135914873760
002460,HS화성,KOSPI,135299500000
123690,한국화장품,KOSPI,135212220000
019680,대교,KOSPI,135101045750
014710,사조씨푸드,KOSPI,134649006260
267290,경동도시가스,KOSPI,134415256800
014790,HL D&I,KOSPI,134208740545
013570,디와이,KOSPI,132650950320
004080,신흥,KOSPI,132446000000
007110,일신석재,KOSPI,132218433270
095720,웅진씽크빅,KOSPI,131838838360
067830,세이브존I&C,KOSPI,131741272950
036580,팜스코,KOSPI,130567837365
139990,아주스틸,KOSPI,128667974480
014580,태경비케이,KOSPI,127571837500
004100,태양금속,KOSPI,127532500000
002220,한일철강,KOSPI,126278985800
248170,샘표식품,KOSPI,125627865000
120030,조선선재,KOSPI,125262039600
37550L,DL이앤씨2우(전환),KOSPI,122704353100
023800,인지컨트롤스,KOSPI,122679368720
015590,DKME,KOSPI,122045495160
001020,페이퍼코리아,KOSPI,121028652840
001290,상상인증권,KOSPI,120904225920
011000,진원생명과학,KOSPI,120147203054
267850,아시아나IDT,KOSPI,119991000000
036420,콘텐트리중앙,KOSPI,118655817280
000230,일동홀딩스,KOSPI,118519908000
034590,인천도시가스,KOSPI,118118358000
003580,HLB글로벌,KOSPI,117539331600
084670,동양고속,KOSPI,116836209150
227840,현대코퍼레이션홀딩스,KOSPI,116581709160
058850,KTcs,KOSPI,115889775000
002450,삼익악기,KOSPI,114431076560
010660,화천기계,KOSPI,114400000000
002200,한국수출포장,KOSPI,114380000000
006840,AK홀딩스,KOSPI,113929024600
008700,아남전자,KOSPI,113681984680
017370,우신시스템,KOSPI,112997713180
163560,동일고무벨트,KOSPI,110922000000
013360,일성건설,KOSPI,110480879600
001275,부국증권우,KOSPI,110100000000
079980,휴비스,KOSPI,110055000000
011810,STX,KOSPI,109493282310
063160,종근당바이오,KOSPI,109170643800
008260,NI스틸,KOSPI,108823445185
264900,크라운제과,KOSPI,107329394500
023450,동남합성,KOSPI,107100000000
004840,DRB동일,KOSPI,105612554720
005740,크라운해태홀딩스,KOSPI,105119216760
002720,국제약품,KOSPI,105058565880
032560,황금에스티,KOSPI,104890000000
006660,삼성공조,KOSPI,103447977220
002700,신일전자,KOSPI,103390140996
33626K,두산퓨얼셀1우,KOSPI,102637056000
003010,혜인,KOSPI,102083358410
006890,태경케미컬,KOSPI,102080000000
007980,TP,KOSPI,102001736250
119650,KC코트렐,KOSPI,100782913662
000180,성창기업지주,KOSPI,100442304000
058860,KTis,KOSPI,100229760000
000105,유한양행우,KOSPI,99553242000
011150,CJ씨푸드,KOSPI,99348587345
004060,SG세계물산,KOSPI,98985805440
078935,GS우,KOSPI,98879360400
001260,남광토건,KOSPI,98227394280
109070,주성코퍼레이션,KOSPI,97751735730
010960,삼호개발,KOSPI,97686000000
013870,지엠비코리아,KOSPI,96505736800
007460,에이프로젠,KOSPI,96486373790
005750,대림바스,KOSPI,95698657600
004440,삼일씨엔에스,KOSPI,95107644090
014440,영보화학,KOSPI,94700000000
068290,삼성출판사,KOSPI,93600000000
009200,무림페이퍼,KOSPI,93412900950
023000,삼원강재,KOSPI,93400000000
007280,한국특강,KOSPI,92679485964
085310,엔케이,KOSPI,92447737384
071090,하이스틸,KOSPI,92375979825
096775,SK이노베이션우,KOSPI,92008996200
031820,아이티센씨티에스,KOSPI,91151753898
396690,미래에셋글로벌리츠,KOSPI,90895632300
004890,동일산업,KOSPI,90824301750
100220,비상교육,KOSPI,90717252180
009180,한솔로지스틱스,KOSPI,90520977375
000590,CS홀딩스,KOSPI,90395940600
338100,NH프라임리츠,KOSPI,90221100000
055490,테이팩스,KOSPI,89955599000
111380,동인기연,KOSPI,88856000000
002600,조흥,KOSPI,87600000000
001560,제일연마,KOSPI,86944000000
214330,금호에이치티,KOSPI,86782510980
004720,팜젠사이언스,KOSPI,86390965370
006880,신송홀딩스,KOSPI,85995797660
012690,모나리자,KOSPI,85576736700
101140,인바이오젠,KOSPI,84873625200
007590,동방아그로,KOSPI,82522516620
013700,까뮤이앤씨,KOSPI,82037889590
023810,인팩,KOSPI,82000000000
000850,화천기공,KOSPI,81950000000
011390,부산산업,KOSPI,81945600000
010040,한국내화,KOSPI,81887721628
001550,조비,KOSPI,80998928400
120115,코오롱인더우,KOSPI,80544726000
009770,삼정펄프,KOSPI,80374067650
006090,사조오양,KOSPI,80281736280
001470,삼부토건,KOSPI,79699592928
018500,동원금속,KOSPI,79483386100
000725,현대건설우,KOSPI,79418382900
069730,DSR제강,KOSPI,78768000000
004830,덕성,KOSPI,78713600000
016090,대현,KOSPI,77981147910
004540,깨끗한나라,KOSPI,77460641440
002795,아모레퍼시픽홀딩스우,KOSPI,77196364600
003925,남양유업우,KOSPI,76600000000
058730,다스코,KOSPI,76002722010
072130,유엔젤,KOSPI,75567360440
003780,진양산업,KOSPI,75270000000
024900,디와이덕양,KOSPI,74248154400
480370,씨케이솔루션,KOSPI,74220017280
129260,인터지스,KOSPI,73923466890
001620,케이비아이동국실업,KOSPI,73787279553
000220,유유제약,KOSPI,73494594565
047400,유니온머티리얼,KOSPI,72996000000
155660,DSR,KOSPI,72000000000
006980,우성,KOSPI,71997000000
002140,고려산업,KOSPI,71576149750
111110,호전실업,KOSPI,71163840000
000910,유니온,KOSPI,71110924545
372910,한컴라이프케어,KOSPI,70569735300
001465,BYC우,KOSPI,70430895000
002760,보락,KOSPI,69723600000
002630,오리엔트바이오,KOSPI,69133891915
37550K,DL이앤씨우,KOSPI,68595568250
006370,대구백화점,KOSPI,68067933190
092440,기신정기,KOSPI,68036000000
004410,서울식품,KOSPI,67468073256
021050,서원,KOSPI,67318968620
009190,대양금속,KOSPI,66343872000
009835,한화솔루션우,KOSPI,65928934400
378850,화승알앤에이,KOSPI,64483350085
004910,조광페인트,KOSPI,64384000000
092780,DYP,KOSPI,63801188700
093240,형지엘리트,KOSPI,63784479101
025560,미래산업,KOSPI,63743339880
005305,롯데칠성우,KOSPI,63420358000
004770,써니전자,KOSPI,63096717326
011330,유니켐,KOSPI,62500171041
004920,씨아이테크,KOSPI,62459306784
001210,금호전기,KOSPI,62375123664
004450,삼화왕관,KOSPI,61830677300
017180,명문제약,KOSPI,61829239734
357250,미래에셋맵스리츠,KOSPI,61362982775
041650,상신브레이크,KOSPI,61300989750
000890,보해양조,KOSPI,60634736631
014990,인디에프,KOSPI,59865057015
007120,미래아이앤지,KOSPI,59634325520
003465,유화증권우,KOSPI,59419845000
28513K,SK케미칼우,KOSPI,58491611850
133820,화인베스틸,KOSPI,58418226148
075180,새론오토모티브,KOSPI,58176000000
010770,평화홀딩스,KOSPI,57989972690
123700,SJM,KOSPI,57816147090
023350,한국종합기술,KOSPI,57816000000
007815,코리아써우,KOSPI,57781808100
012160,영흥,KOSPI,57139049808
000950,전방,KOSPI,56784000000
012280,영화금속,KOSPI,56469303965
003475,유안타증권우,KOSPI,56426366440
090080,평화산업,KOSPI,56329717734
011300,우성머티리얼스,KOSPI,56131591926
049800,우진플라임,KOSPI,56000000000
025530,SJM홀딩스,KOSPI,55554509760
026940,부국철강,KOSPI,55100000000
007610,선도전기,KOSPI,54000000000
023960,에쓰씨엔지니어링,KOSPI,53935012550
003080,SB성보,KOSPI,53553500000
002410,범양건영,KOSPI,53173451700
009320,아진전자부품,KOSPI,52553554820
027740,마니커,KOSPI,52460274328
006125,SK디스커버리우,KOSPI,51608439500
011420,갤럭시아에스엠,KOSPI,51269887484
020760,일진디스플,KOSPI,50984432422
006490,인스코비,KOSPI,50983877385
008420,문배철강,KOSPI,50951209925
003060,에이프로젠바이오로직스,KOSPI,49800369095
002920,유성기업,KOSPI,49767305000
000215,DL우,KOSPI,49656086750
481850,신한글로벌액티브리츠,KOSPI,49608014624
011230,삼화전자,KOSPI,49447725300
001380,SG글로벌,KOSPI,49370629014
051630,진양화학,KOSPI,48866000000
308170,씨티알모빌리티,KOSPI,46752300000
069460,대호에이엘,KOSPI,46322278464
000760,이화산업,KOSPI,45976000000
008250,이건산업,KOSPI,45672487950
002360,SH에너지화학,KOSPI,45564829300
008870,금비,KOSPI,45450000000
005030,부산주공,KOSPI,45092532168
074610,이엔플러스,KOSPI,44815400070
465770,STX그린로지스,KOSPI,44460398400
003535,한화투자증권우,KOSPI,44352000000
002880,디와이에이,KOSPI,43874007310
145270,케이탑리츠,KOSPI,43543061244
084870,TBH글로벌,KOSPI,43486467615
025750,한솔홈데코,KOSPI,43424615311
357430,마스턴프리미어리츠,KOSPI,42890461642
35320K,대덕전자1우,KOSPI,42748587600
019175,신풍제약우,KOSPI,41915391500
019490,엑시큐어하이트론,KOSPI,41349858070
002870,신풍,KOSPI,41041513800
017040,광명전기,KOSPI,40390657180
010640,진양폴리,KOSPI,39829500000
000040,KR모터스,KOSPI,39732584640
118000,메타케어,KOSPI,39508793720
005820,원림,KOSPI,39226347900
134790,시디즈,KOSPI,39040000000
014910,성문전자,KOSPI,38643630376
005320,온타이드,KOSPI,37606629500
090370,메타랩스,KOSPI,37606080390
009140,경인전자,KOSPI,37227888900
33637K,솔루스첨단소재1우,KOSPI,37199285200
002420,세기상사,KOSPI,36834579160
015260,에이엔피,KOSPI,36751177320
006740,블루산업개발,KOSPI,36521351908
006200,한국전자홀딩스,KOSPI,36506446080
023150,MH에탄올,KOSPI,36080992140
013000,세우글로벌,KOSPI,35881288750
001070,대한방직,KOSPI,35722000000
009810,플레이그램,KOSPI,35207522500
004365,세방우,KOSPI,35047875000
002690,동일제강,KOSPI,34815117400
088790,진도,KOSPI,34542489600
004870,티웨이홀딩스,KOSPI,34288538682
014130,한익스프레스,KOSPI,33900000000
446070,유니드비티플러스,KOSPI,33690607625
024890,대원화성,KOSPI,33535560576
002025,코오롱우,KOSPI,33478607450
005360,모나미,KOSPI,33221465706
009460,한창제지,KOSPI,33175122216
044380,주연테크,KOSPI,32692162074
024070,WISCOM,KOSPI,32108887610
003680,한성기업,KOSPI,32103192550
033250,체시스,KOSPI,31968000000
002820,SUN&L,KOSPI,31835172225
010400,우진아이엔에스,KOSPI,31783740000
006570,대림통상,KOSPI,30754500000
030720,동원수산,KOSPI,30622036900
069640,한세엠케이,KOSPI,29437871814
33626L,두산퓨얼셀2우B,KOSPI,29385192000
012170,아센디오,KOSPI,28934797632
002355,넥센타이어1우B,KOSPI,28535000000
008775,호텔신라우,KOSPI,28045086700
004270,남성,KOSPI,27267756480
005110,한창,KOSPI,26467434378
143210,핸즈코퍼레이션,KOSPI,26229020653
003495,대한항공우,KOSPI,26214738400
011090,에넥스,KOSPI,26036372194
002210,동성제약,KOSPI,25900780311
025890,한국주강,KOSPI,24258360555
00499K,롯데지주우,KOSPI,23402767150
009310,참엔지니어링,KOSPI,23307603810
001420,태원물산,KOSPI,23028000000
001685,대상우,KOSPI,23006044170
001515,SK증권우,KOSPI,22536080640
071950,코아스,KOSPI,21392437815
005257,녹십자홀딩스2우,KOSPI,20895953000
001770,SHD,KOSPI,20677223560
019685,대교우B,KOSPI,20612036390
015020,이스타코,KOSPI,19883142400
18064K,한진칼우,KOSPI,18250044000
008600,윌비스,KOSPI,17615839860
009440,KC그린홀딩스,KOSPI,17568790596
45226K,한화갤러리아우,KOSPI,17368730600
008500,일정실업,KOSPI,17190000000
001795,대한제당우,KOSPI,16725520800
108675,LX하우시스우,KOSPI,16584381450
005725,넥센우,KOSPI,16112685000
002070,비비안,KOSPI,16044607335
000087,하이트진로2우B,KOSPI,16002754080
204210,스타에스엠리츠,KOSPI,15927568525
001755,한양증권우,KOSPI,15408750000
004105,태양금속우,KOSPI,14503500000
152550,한국ANKOR유전,KOSPI,14004000000
140910,에이리츠,KOSPI,13969290160
084695,대상홀딩스우,KOSPI,13610881800
33637L,솔루스첨단소재2우B,KOSPI,13186253040
00806K,대덕1우,KOSPI,12899478480
004255,NPC우,KOSPI,12645600000
38380K,LX홀딩스1우,KOSPI,12586798150
145995,삼양사우,KOSPI,12304827500
003075,코오롱글로벌우,KOSPI,12066605730
00781K,코리아써키트2우B,KOSPI,11489027340
001067,JW중외제약2우B,KOSPI,11464525800
006345,대원전선우,KOSPI,10760026000
000225,유유제약1우,KOSPI,10019830600
012205,계양전기우,KOSPI,9563066220
145210,다이나믹디자인,KOSPI,9461013632
004835,덕성우,KOSPI,9437760000
001065,JW중외제약우,KOSPI,9010408850
004985,성신양회우,KOSPI,8489343300
000325,노루홀딩스우,KOSPI,7842599800
26490K,크라운제과우,KOSPI,7279199600
090355,노루페인트우,KOSPI,6205888400
009415,태영건설우,KOSPI,6129254820
000145,하이트진로홀딩스우,KOSPI,5503768900
000545,흥국화재우,KOSPI,5437440000
36328K,티와이홀딩스우,KOSPI,5034206700
007575,일양약품우,KOSPI,4975994400
005965,동부건설우,KOSPI,4661365800
002995,금호건설우,KOSPI,4535968320
005745,크라운해태홀딩스우,KOSPI,4499437740
008355,남선알미우,KOSPI,4344327900
014825,동원시스템즈우,KOSPI,4281239310
014285,금강공업우,KOSPI,4194011250
004545,깨끗한나라우,KOSPI,3881296000
000227,유유제약2우B,KOSPI,3522559200
002785,진흥기업우B,KOSPI,2888824660
001525,동양우,KOSPI,2755080260
014915,성문전자우,KOSPI,2682000000
004415,서울식품우,KOSPI,2676073500
011155,CJ씨푸드1우,KOSPI,2618000000
002787,진흥기업2우B,KOSPI,2358464000
001527,동양2우B,KOSPI,2230953870
086520,에코프로,KOSDAQ,21140346866400
247540,에코프로비엠,KOSDAQ,20397645489000
196170,알테오젠,KOSDAQ,19914589596000
277810,레인보우로보틱스,KOSDAQ,11833913380000
000250,삼천당제약,KOSDAQ,11247857824000
950160,코오롱티슈진,KOSDAQ,9113362177500
298380,에이비엘바이오,KOSDAQ,8985987811500
058470,리노공업,KOSDAQ,8817711045000
028300,HLB,KOSDAQ,8453914004000
141080,리가켐바이오,KOSDAQ,7311084498600
310210,보로노이,KOSDAQ,6247537054500
087010,펩트론,KOSDAQ,6132463050000
240810,원익IPS,KOSDAQ,5968602361600
039030,이오테크닉스,KOSDAQ,5722430975000
214370,케어젠,KOSDAQ,5280184500000
095340,ISC,KOSDAQ,4811732166000
036930,주성엔지니어링,KOSDAQ,4253022571500
108490,로보티즈,KOSDAQ,4249291120000
032820,우리기술,KOSDAQ,3853943752050
403870,HPSP,KOSDAQ,3771397500000
214150,클래시스,KOSDAQ,3751050392500
043260,성호전자,KOSDAQ,3723448207500
347850,디앤디파마텍,KOSDAQ,3587559639300
226950,올릭스,KOSDAQ,3530271383700
263750,펄어비스,KOSDAQ,3469384170000
319400,현대무벡스,KOSDAQ,3452657209000
357780,솔브레인,KOSDAQ,3352561946000
145020,휴젤,KOSDAQ,3334392943000
0009K0,에임드바이오,KOSDAQ,3252959398300
214450,파마리서치,KOSDAQ,3194816760000
064760,티씨케이,KOSDAQ,3130236480000
178320,서진시스템,KOSDAQ,3104198479600
083650,비에이치아이,KOSDAQ,3078965312500
084370,유진테크,KOSDAQ,2944711397000
237690,에스티팜,KOSDAQ,2944462670100
440110,파두,KOSDAQ,2934417678200
222800,심텍,KOSDAQ,2927629891200
257720,실리콘투,KOSDAQ,2881196866800
140410,메지온,KOSDAQ,2829510747700
476830,알지노믹스,KOSDAQ,2800702242000
005290,동진쎄미켐,KOSDAQ,2781524125400
218410,RFHIC,KOSDAQ,2650033511600
082920,비츠로셀,KOSDAQ,2611553875200
058610,에스피지,KOSDAQ,2588097912000
068760,셀트리온제약,KOSDAQ,2575335256000
067310,하나마이크론,KOSDAQ,2558872701000
031980,피에스케이홀딩스,KOSDAQ,2432238156000
100790,미래에셋벤처투자,KOSDAQ,2417170847000
030530,원익홀딩스,KOSDAQ,2394377411000
319660,피에스케이,KOSDAQ,2381063890800
010170,대한광통신,KOSDAQ,2324510617000
035900,JYP Ent.,KOSDAQ,2224333999200
101490,에스앤에스텍,KOSDAQ,2216693928100
098460,고영,KOSDAQ,2183221209000
347700,스피어,KOSDAQ,2171368900800
131970,두산테스나,KOSDAQ,2154987037000
041510,에스엠,KOSDAQ,2133785108000
089030,테크윙,KOSDAQ,2052771933000
039200,오스코텍,KOSDAQ,2016205875200
078600,대주전자재료,KOSDAQ,2010892187500
099320,쎄트렉아이,KOSDAQ,1921949289000
140860,파크시스템스,KOSDAQ,1878844054500
475830,오름테라퓨틱,KOSDAQ,1828106884800
323280,태성,KOSDAQ,1804794618000
290650,엘앤씨바이오,KOSDAQ,1754202647800
095610,테스,KOSDAQ,1748208000000
131290,티에스이,KOSDAQ,1734432067200
458870,씨어스,KOSDAQ,1708882326000
038500,삼표시멘트,KOSDAQ,1698602656440
232140,와이씨,KOSDAQ,1694236477500
060370,LS마린솔루션,KOSDAQ,1687314984200
085660,차바이오텍,KOSDAQ,1659509573400
437730,삼현,KOSDAQ,1623427430400
065350,신성델타테크,KOSDAQ,1618804537200
183300,코미코,KOSDAQ,1597346446800
376900,로킷헬스케어,KOSDAQ,1575447773900
003380,하림지주,KOSDAQ,1550157794640
127120,제이에스링크,KOSDAQ,1542075216900
445680,큐리옥스바이오시스템즈,KOSDAQ,1530513070200
115180,큐리언트,KOSDAQ,1512044972200
491000,리브스메드,KOSDAQ,1497203460000
281740,레이크머티리얼즈,KOSDAQ,1495369967000
048410,현대바이오,KOSDAQ,1486185808800
027360,아주IB투자,KOSDAQ,1484031223500
080220,제주반도체,KOSDAQ,1481041819000
397030,에이프릴바이오,KOSDAQ,1468251175400
388210,씨엠티엑스,KOSDAQ,1468217983000
195940,HK이노엔,KOSDAQ,1461822375600
189300,인텔리안테크,KOSDAQ,1452246469250
417200,LS머트리얼즈,KOSDAQ,1444384269650
166090,하나머티리얼즈,KOSDAQ,1412125923600
090710,휴림로봇,KOSDAQ,1352255470040
089970,브이엠,KOSDAQ,1337760886000
096530,씨젠,KOSDAQ,1336985446400
007390,네이처셀,KOSDAQ,1330583906400
213420,덕산네오룩스,KOSDAQ,1328468076500
137400,피엔티,KOSDAQ,1293513748800
456160,지투지바이오,KOSDAQ,1288883466100
160190,하이젠알앤엠,KOSDAQ,1278763200000
490470,세미파이브,KOSDAQ,1278169700000
036830,솔브레인홀딩스,KOSDAQ,1256894035300
032500,케이엠더블유,KOSDAQ,1250983649250
035760,CJ ENM,KOSDAQ,1219260962400
466100,클로봇,KOSDAQ,1215867562350
036540,SFA반도체,KOSDAQ,1208783227050
124500,아이티센글로벌,KOSDAQ,1174149066200
086450,동국제약,KOSDAQ,1153375710000
161580,필옵틱스,KOSDAQ,1147497990650
023160,태광,KOSDAQ,1144625458500
388720,유일로보틱스,KOSDAQ,1142790465000
052020,에스티큐브,KOSDAQ,1136680625520
082270,젬백스,KOSDAQ,1135505056950
420770,기가비스,KOSDAQ,1126874886200
293490,카카오게임즈,KOSDAQ,1125029994830
295310,에이치브이엠,KOSDAQ,1123348979400
174900,앱클론,KOSDAQ,1121806213000
204270,제이앤티씨,KOSDAQ,1120524786420
476060,온코닉테라퓨틱스,KOSDAQ,1106485256000
253450,스튜디오드래곤,KOSDAQ,1073088378600
056190,에스에프에이,KOSDAQ,1064694734000
328130,루닛,KOSDAQ,1057170522200
050890,쏠리드,KOSDAQ,1036506470040
121600,나노신소재,KOSDAQ,1029403401300
122870,와이지엔터테인먼트,KOSDAQ,1020531275400
014620,성광벤드,KOSDAQ,1012499502500
044490,태웅,KOSDAQ,1004370526200
171090,선익시스템,KOSDAQ,1004201024400
365340,성일하이텍,KOSDAQ,990406970700
358570,지아이이노베이션,KOSDAQ,987329606500
222080,씨아이에스,KOSDAQ,979252012960
074600,원익QnC,KOSDAQ,955568800000
036810,에프에스티,KOSDAQ,953290168600
032190,다우데이타,KOSDAQ,949840000000
056080,유진로봇,KOSDAQ,947181838000
078160,메디포스트,KOSDAQ,929149091100
052400,코나아이,KOSDAQ,926225307600
348370,엔켐,KOSDAQ,914783916000
327260,RF머트리얼즈,KOSDAQ,903882364000
241710,코스메카코리아,KOSDAQ,903528000000
006730,서부T&D,KOSDAQ,899887152780
372320,큐로셀,KOSDAQ,888761663000
493280,아이엠바이오로직스,KOSDAQ,888044211000
094170,동운아나텍,KOSDAQ,887626783200
126340,비나텍,KOSDAQ,877939591200
199800,툴젠,KOSDAQ,867904498500
389470,인벤티지랩,KOSDAQ,859042280500
112040,위메이드,KOSDAQ,853804347450
368770,파이버프로,KOSDAQ,845996293750
348340,뉴로메카,KOSDAQ,841862483100
033500,동성화인텍,KOSDAQ,820212660900
060250,NHN KCP,KOSDAQ,817268433850
033100,제룡전기,KOSDAQ,816773497650
009520,포스코엠텍,KOSDAQ,805786303050
278280,천보,KOSDAQ,805688266000
348210,넥스틴,KOSDAQ,805681684500
252990,샘씨엔에스,KOSDAQ,805113175930
225570,넥슨게임즈,KOSDAQ,799542512360
376300,디어유,KOSDAQ,798797361900
083450,GST,KOSDAQ,794333000000
059090,미코,KOSDAQ,793648477500
084110,휴온스글로벌,KOSDAQ,788706287600
102710,이엔에프테크놀로지,KOSDAQ,782973412800
356860,티엘비,KOSDAQ,775794507000
187660,페니트리움바이오,KOSDAQ,772644904290
086900,메디톡스,KOSDAQ,768531734100
102940,코오롱생명과학,KOSDAQ,764491215200
253590,네오셈,KOSDAQ,764200836880
475960,토모큐브,KOSDAQ,750801671400
214430,아이쓰리시스템,KOSDAQ,748989537500
053610,프로텍,KOSDAQ,741400000000
200710,에이디테크놀로지,KOSDAQ,740410385000
077360,덕산하이메탈,KOSDAQ,738351282500
053800,안랩,KOSDAQ,737687347800
399720,가온칩스,KOSDAQ,735466628000
041960,코미팜,KOSDAQ,735170625250
425420,티에프이,KOSDAQ,731995452000
024850,HLB이노베이션,KOSDAQ,727107843000
486990,노타,KOSDAQ,720435262500
025980,아난티,KOSDAQ,714189266600
272290,이녹스첨단소재,KOSDAQ,713762822200
460930,현대힘스,KOSDAQ,711988953550
015750,성우하이텍,KOSDAQ,709600000000
067160,SOOP,KOSDAQ,695433403500
336570,원텍,KOSDAQ,687362373080
031330,에스에이엠티,KOSDAQ,685966159620
468530,프로티나,KOSDAQ,678247760000
448900,한국피아이엠,KOSDAQ,671834944200
033790,피노,KOSDAQ,670847985060
042000,카페24,KOSDAQ,668171637700
287840,인투셀,KOSDAQ,663970632000
383310,에코프로에이치엔,KOSDAQ,660710358000
060280,큐렉소,KOSDAQ,649016496700
104830,원익머트리얼즈,KOSDAQ,641747200000
069540,빛과전자,KOSDAQ,638318034280
033160,엠케이전자,KOSDAQ,634212221500
090360,로보스타,KOSDAQ,629850000000
033640,네패스,KOSDAQ,616833653500
046890,서울반도체,KOSDAQ,614538916000
393890,더블유씨피,KOSDAQ,604100120400
025900,동화기업,KOSDAQ,600620545800
047920,HLB제약,KOSDAQ,599900221240
099190,아이센스,KOSDAQ,598686101200
064260,다날,KOSDAQ,597599110300
488900,비츠로넥스텍,KOSDAQ,580977682150
045100,한양이엔지,KOSDAQ,573125000000
089010,켐트로닉스,KOSDAQ,572696422050
211050,인카금융서비스,KOSDAQ,572443694340
119850,지엔씨에너지,KOSDAQ,572422033200
125490,한라캐스트,KOSDAQ,571626832320
041190,우리기술투자,KOSDAQ,571200000000
122640,예스티,KOSDAQ,566837747550
025320,시노펙스,KOSDAQ,566750193450
037460,삼지전자,KOSDAQ,558909378500
138080,오이솔루션,KOSDAQ,557654183550
067630,HLB생명과학,KOSDAQ,556551369770
093320,케이아이엔엑스,KOSDAQ,555832000000
424870,이뮨온시아,KOSDAQ,554754164340
018290,브이티,KOSDAQ,553828132300
114810,한솔아이원스,KOSDAQ,548703009060
101730,위메이드맥스,KOSDAQ,546397424720
251970,펌텍코리아,KOSDAQ,544980000000
354320,알멕,KOSDAQ,537515142100
089890,코세스,KOSDAQ,534865024500
095660,네오위즈,KOSDAQ,525656424800
215600,신라젠,KOSDAQ,525584025980
046970,우리로,KOSDAQ,524585238030
340570,티앤엘,KOSDAQ,519379200000
101160,월덱스,KOSDAQ,518445180200
025770,한국정보통신,KOSDAQ,517854267930
036620,감성코퍼레이션,KOSDAQ,515871494700
030520,한글과컴퓨터,KOSDAQ,515028547200
019210,와이지-원,KOSDAQ,514389258240
389650,넥스트바이오메디컬,KOSDAQ,512742875000
039440,에스티아이,KOSDAQ,512507903350
484590,삼양컴텍,KOSDAQ,511421684500
0082N0,카나프테라퓨틱스,KOSDAQ,508005684000
079370,제우스,KOSDAQ,507437956400
317330,덕산테코피아,KOSDAQ,506795454000
180400,DXVX,KOSDAQ,503958691840
107640,한중엔시에스,KOSDAQ,503104503000
006910,보성파워텍,KOSDAQ,496702520640
230360,에코마케팅,KOSDAQ,495980128000
206650,유바이오로직스,KOSDAQ,495397411430
080580,오킨스전자,KOSDAQ,491890106400
290550,디케이티,KOSDAQ,489030073500
441270,파인엠텍,KOSDAQ,488649835840
168360,펨트론,KOSDAQ,483244046800
101930,인화정공,KOSDAQ,480109864000
042520,한스바이오메드,KOSDAQ,478468862850
036170,에이치엠넥스,KOSDAQ,476810914020
042370,비츠로테크,KOSDAQ,472648451000
494120,큐리오시스,KOSDAQ,472221884000
034950,한국기업평가,KOSDAQ,471759404600
356680,엑스게이트,KOSDAQ,470396748160
098070,한텍,KOSDAQ,469868207250
013030,하이록코리아,KOSDAQ,468372131200
308430,셀비온,KOSDAQ,467066964000
394280,오픈엣지테크놀로지,KOSDAQ,462994661100
091700,파트론,KOSDAQ,462550000000
318060,그래피,KOSDAQ,461802745500
215200,메가스터디교육,KOSDAQ,458660808000
228760,지노믹트리,KOSDAQ,458652276900
234340,헥토파이낸셜,KOSDAQ,451950721600
900290,GRT,KOSDAQ,446292000000
376270,HEM파마,KOSDAQ,441950500500
069080,웹젠,KOSDAQ,440469253320
455900,엔젤로보틱스,KOSDAQ,439879729350
0001A0,덕양에너젠,KOSDAQ,434589648350
482630,삼양엔씨켐,KOSDAQ,434482358000
478340,나라스페이스테크놀로지,KOSDAQ,433086342050
220100,퓨쳐켐,KOSDAQ,432176383400
450950,아스테라시스,KOSDAQ,431588480240
117730,티로보틱스,KOSDAQ,431477127300
110990,디아이티,KOSDAQ,430920000000
179900,유티아이,KOSDAQ,427472899200
078020,LS증권,KOSDAQ,426095539200
389500,에스비비테크,KOSDAQ,425948608000
092870,엑시콘,KOSDAQ,419583123550
338840,와이바이오로직스,KOSDAQ,410567091050
088800,에이스테크,KOSDAQ,409244872280
144510,지씨셀,KOSDAQ,409228909600
217730,강스템바이오텍,KOSDAQ,407724735915
089980,상아프론테크,KOSDAQ,407720443500
078130,국일제지,KOSDAQ,405866113560
078340,컴투스,KOSDAQ,403849854200
304360,에스바이오메딕스,KOSDAQ,403755172800
041830,인바디,KOSDAQ,402404327700
298830,슈어소프트테크,KOSDAQ,402007912480
230240,에치에프알,KOSDAQ,399935450000
389260,대명에너지,KOSDAQ,399534047500
241770,메카로,KOSDAQ,397512960000
079940,가비아,KOSDAQ,397252246400
078350,한양디지텍,KOSDAQ,397116151100
084850,아이티엠반도체,KOSDAQ,396724515660
241520,DSC인베스트먼트,KOSDAQ,395276000000
330860,네패스아크,KOSDAQ,394763058000
200670,휴메딕스,KOSDAQ,394732039500
394800,쓰리빌리언,KOSDAQ,391301384320
084990,헬릭스미스,KOSDAQ,389945062620
086390,유니테스트,KOSDAQ,386543164540
0015G0,그린광학,KOSDAQ,385013598900
041920,메디아나,KOSDAQ,384983216100
332570,PS일렉트로닉스,KOSDAQ,384737238380
036890,진성티이씨,KOSDAQ,384028618890
475400,씨메스,KOSDAQ,383835424300
085910,네오티스,KOSDAQ,382510754100
053030,바이넥스,KOSDAQ,381424473960
108860,셀바스AI,KOSDAQ,380575130600
114190,강원에너지,KOSDAQ,379828972520
003800,에이스침대,KOSDAQ,378723500000
064820,케이프,KOSDAQ,378546168000
065660,안트로젠,KOSDAQ,378230580000
419530,SAMG엔터,KOSDAQ,377692497000
064290,인텍플러스,KOSDAQ,376270888500
035810,이지홀딩스,KOSDAQ,374839034850
352480,씨앤씨인터내셔널,KOSDAQ,374140782450
314930,바이오다인,KOSDAQ,373837133680
035890,서희건설,KOSDAQ,372979125711
094360,칩스앤미디어,KOSDAQ,371001285860
389020,자람테크놀로지,KOSDAQ,366666165600
418550,제이오,KOSDAQ,366602355850
014940,오리엔탈정공,KOSDAQ,366412234440
073490,LIG아큐버,KOSDAQ,365364800300
046120,오르비텍,KOSDAQ,364196974120
204620,글로벌텍스프리,KOSDAQ,363364816100
243840,신흥에스이씨,KOSDAQ,362061826650
091580,상신이디피,KOSDAQ,361194734900
456010,아이씨티케이,KOSDAQ,360753111300
058970,엠로,KOSDAQ,356612080400
052710,아모텍,KOSDAQ,356608659600
378340,필에너지,KOSDAQ,355305026260
474650,링크솔루션,KOSDAQ,354800412600
0088M0,메쥬,KOSDAQ,354211987500
136480,하림,KOSDAQ,351554113620
043150,바텍,KOSDAQ,351303154400
236200,슈프리마,KOSDAQ,350807843300
099430,바이오플러스,KOSDAQ,350735708180
203650,드림시큐리티,KOSDAQ,350016209040
402490,그린리소스,KOSDAQ,349191882400
094480,갤럭시아머니트리,KOSDAQ,347184066300
036200,유니셈,KOSDAQ,347119004360
200130,콜마비앤에이치,KOSDAQ,347103584400
365270,큐라클,KOSDAQ,344434931860
170920,엘티씨,KOSDAQ,343334095000
265520,AP시스템,KOSDAQ,343158718800
049630,재영솔루텍,KOSDAQ,342509850800
101360,에코앤드림,KOSDAQ,342204833360
051500,CJ프레시웨이,KOSDAQ,341308097500
322310,오로스테크놀로지,KOSDAQ,339068820400
462350,이노스페이스,KOSDAQ,338583117300
093520,매커스,KOSDAQ,334957125800
067390,아스트,KOSDAQ,334690899622
060720,KH바텍,KOSDAQ,332904834520
452280,한선엔지니어링,KOSDAQ,331615816600
115450,HLB테라퓨틱스,KOSDAQ,331289607660
0008Z0,에스엔시스,KOSDAQ,331223396400
160980,싸이맥스,KOSDAQ,329365926450
448280,에코아이,KOSDAQ,328905531900
416180,신성에스티,KOSDAQ,326787974700
151860,KG에코솔루션,KOSDAQ,324652473640
274090,켄코아에어로스페이스,KOSDAQ,324553750950
451760,컨텍,KOSDAQ,323586985500
243070,휴온스,KOSDAQ,323450955000
018000,유니슨,KOSDAQ,322401194720
095500,미래나노텍,KOSDAQ,321883789620
215000,골프존,KOSDAQ,321301248000
045390,대아티아이,KOSDAQ,320653865350
0007C0,아크릴,KOSDAQ,318803862800
023410,유진기업,KOSDAQ,318520755560
445090,에이직랜드,KOSDAQ,317936647800
272110,케이엔제이,KOSDAQ,317805642000
012210,삼미금속,KOSDAQ,316901931360
035600,KG이니시스,KOSDAQ,316875991000
200470,에이팩트,KOSDAQ,314962161455
472850,폰드그룹,KOSDAQ,313765503400
023760,한국캐피탈,KOSDAQ,312137870664
251370,와이엠티,KOSDAQ,310896062400
049070,인탑스,KOSDAQ,309256000000
064850,에프앤가이드,KOSDAQ,309219997200
051370,인터플렉스,KOSDAQ,308155905120
138610,나이벡,KOSDAQ,307498800650
086820,바이오솔루션,KOSDAQ,306681925550
226590,엠디바이스,KOSDAQ,306166579200
065680,우주일렉트로,KOSDAQ,305397566550
099440,스맥,KOSDAQ,304706754210
294570,쿠콘,KOSDAQ,304265719800
078070,유비쿼스홀딩스,KOSDAQ,302802078400
464080,에스오에스랩,KOSDAQ,302407708250
304100,솔트룩스,KOSDAQ,302252520000
054950,제이브이엠,KOSDAQ,302247300000
092730,네오팜,KOSDAQ,299082274740
194480,데브시스터즈,KOSDAQ,298983547500
357550,석경에이티,KOSDAQ,298934000000
083310,엘오티베큠,KOSDAQ,297249450770
098120,마이크로컨텍솔,KOSDAQ,296765746200
054210,이랜텍,KOSDAQ,296412981200
361390,제노코,KOSDAQ,295553820450
064550,바이오니아,KOSDAQ,295011626130
255220,SG,KOSDAQ,294853529700
095700,제넥신,KOSDAQ,294646996180
321550,티움바이오,KOSDAQ,294025030000
459510,나우로보틱스,KOSDAQ,293960352300
092460,한라IMS,KOSDAQ,292917721600
067080,대화제약,KOSDAQ,290419740000
053300,한국정보인증,KOSDAQ,287752427580
108380,대양전기공업,KOSDAQ,282714690150
372170,윤성에프앤씨,KOSDAQ,282059346800
061970,LB세미콘,KOSDAQ,281992994130
144960,뉴파워프라즈마,KOSDAQ,280506646080
452430,사피엔반도체,KOSDAQ,279824466300
036800,나이스정보통신,KOSDAQ,279500000000
221800,유투바이오,KOSDAQ,278818295000
018310,삼목에스폼,KOSDAQ,278712000000
462860,더즌,KOSDAQ,277675943015
216080,제테마,KOSDAQ,277579878540
012860,모베이스전자,KOSDAQ,277554802030
267980,매일유업,KOSDAQ,277423695600
115500,케이씨에스,KOSDAQ,277200000000
256840,한국비엔씨,KOSDAQ,275973365010
094820,일진파워,KOSDAQ,275488013430
024060,흥구석유,KOSDAQ,275400000000
194700,노바렉스,KOSDAQ,275133620160
013120,동원개발,KOSDAQ,273332381000
234690,녹십자웰빙,KOSDAQ,271787345560
043370,피에이치에이,KOSDAQ,271530000000
353810,이지바이오,KOSDAQ,269948467200
254490,미래반도체,KOSDAQ,269846220000
309710,아이티켐,KOSDAQ,268443021000
388050,지투파워,KOSDAQ,268293326580
126700,하이비젼시스템,KOSDAQ,268210910400
058820,CMG제약,KOSDAQ,268037877779
474170,루미르,KOSDAQ,267621793920
380550,뉴로핏,KOSDAQ,267229553500
432720,퀄리타스반도체,KOSDAQ,266993702320
425040,티이엠씨,KOSDAQ,265760361720
182400,엔케이젠바이오텍코리아,KOSDAQ,265496721770
190510,나무가,KOSDAQ,265085665940
382900,범한퓨얼셀,KOSDAQ,265020250000
126600,BGF에코머티리얼즈,KOSDAQ,264876313780
206640,바디텍메드,KOSDAQ,264866764890
484810,티엑스알로보틱스,KOSDAQ,264674173950
176750,듀켐바이오,KOSDAQ,264348993800
017890,한국알콜,KOSDAQ,264004209460
005710,대원산업,KOSDAQ,263494440000
338220,뷰노,KOSDAQ,261834090100
214180,헥토이노베이션,KOSDAQ,261816345050
199430,케이엔알시스템,KOSDAQ,261327808350
402030,코난테크놀로지,KOSDAQ,260989624800
092070,디엔에프,KOSDAQ,260945397900
211270,AP위성,KOSDAQ,260320567040
0004V0,엔비알모션,KOSDAQ,258030806400
121800,비덴트,KOSDAQ,256309348520
405100,큐알티,KOSDAQ,256231925850
041020,폴라리스오피스,KOSDAQ,254594549760
100120,뷰웍스,KOSDAQ,254339501850
371950,풍원정밀,KOSDAQ,253820537600
377460,위니아에이드,KOSDAQ,253187202960
481070,에이유브랜즈,KOSDAQ,251974200000
034810,해성산업,KOSDAQ,249711093190
289930,웨이비스,KOSDAQ,249314041500
042600,새로닉스,KOSDAQ,249092658700
950250,테라뷰,KOSDAQ,248979294310
219130,타이거일렉,KOSDAQ,248467311500
078150,HB테크놀러지,KOSDAQ,247087916140
036030,케이티알파,KOSDAQ,246566993490
203400,에이비온,KOSDAQ,246427066440
457550,우진엔텍,KOSDAQ,246020491200
403850,더핑크퐁컴퍼니,KOSDAQ,244971740700
199820,제일일렉트릭,KOSDAQ,244642200000
314130,지놈앤컴퍼니,KOSDAQ,244250867000
187870,디바이스,KOSDAQ,244170332300
065710,서호전기,KOSDAQ,244110000000
019010,베뉴지,KOSDAQ,243892000000
123330,제닉,KOSDAQ,243841608000
0011A0,액스비스,KOSDAQ,243610614000
158430,아톤,KOSDAQ,243107173560
051360,토비스,KOSDAQ,242265770320
299030,하나기술,KOSDAQ,242245773000
119610,인터로조,KOSDAQ,241971436400
417010,나노팀,KOSDAQ,241467554160
950140,잉글우드랩,KOSDAQ,240202499940
452450,피아이이,KOSDAQ,238868955000
039840,디오,KOSDAQ,237460155600
112290,와이씨켐,KOSDAQ,237092280250
036560,KZ정밀,KOSDAQ,236250000000
285490,노바텍,KOSDAQ,234783448200
293580,나우IB,KOSDAQ,234002326750
394420,리센스메디컬,KOSDAQ,233281407000
418420,라온텍,KOSDAQ,232557120040
417840,저스템,KOSDAQ,232531932060
289080,SV인베스트먼트,KOSDAQ,231930694940
036190,금화피에스시,KOSDAQ,231900000000
264450,유비쿼스,KOSDAQ,231274824610
950170,JTC,KOSDAQ,231047443820
104480,티케이케미칼,KOSDAQ,230419925190
382800,지앤비에스 에코,KOSDAQ,229183495200
484120,도우인시스,KOSDAQ,229010119800
475230,엔알비,KOSDAQ,228434824500
474610,RF시스템즈,KOSDAQ,228206985600
083930,아바코,KOSDAQ,227644131990
237880,클리오,KOSDAQ,226614766620
270660,에브리봇,KOSDAQ,226273094890
061090,세나테크놀로지,KOSDAQ,225938490800
068930,디지털대성,KOSDAQ,225554037300
179290,엠아이텍,KOSDAQ,223646834980
032620,GC메디아이,KOSDAQ,222098826445
039560,다산네트웍스,KOSDAQ,221926487330
102120,어보브반도체,KOSDAQ,221903797440
488280,에스투더블유,KOSDAQ,221849351600
049080,기가레인,KOSDAQ,221545535670
079960,동양이엔피,KOSDAQ,221259000000
115310,인포바인,KOSDAQ,219989638700
080160,모두투어,KOSDAQ,219240000000
121440,골프존홀딩스,KOSDAQ,218681955890
118990,모트렉스,KOSDAQ,218627975610
140670,알에스오토메이션,KOSDAQ,217378491200
092190,서울바이오시스,KOSDAQ,216957451590
056090,시지메드텍,KOSDAQ,216843975600
439090,마녀공장,KOSDAQ,216718897200
461300,아이스크림미디어,KOSDAQ,216297560580
123860,아나패스,KOSDAQ,216160489450
307750,국전약품,KOSDAQ,215135357680
106190,하이텍팜,KOSDAQ,213726777300
054920,한컴위드,KOSDAQ,212192449120
377450,리파인,KOSDAQ,211945900000
232680,라온로보틱스,KOSDAQ,210838707000
293780,압타바이오,KOSDAQ,208733999150
011560,세보엠이씨,KOSDAQ,208552500000
060150,인선이엔티,KOSDAQ,207673709520
380540,옵티코어,KOSDAQ,206658130575
297090,씨에스베어링,KOSDAQ,204525000000
046440,KG파이낸셜,KOSDAQ,204498114760
489500,엘케이켐,KOSDAQ,204350722800
146320,비씨엔씨,KOSDAQ,203998892620
054450,텔레칩스,KOSDAQ,203992818510
357580,아모센스,KOSDAQ,203768490130
082800,비보존 제약,KOSDAQ,202500086110
469610,이노테크,KOSDAQ,202375485000
458650,성우,KOSDAQ,201611978000
125020,티씨머티리얼즈,KOSDAQ,201471662500
086890,이수앱지스,KOSDAQ,200588385240
047310,파워로직스,KOSDAQ,200260829850
122990,와이솔,KOSDAQ,200059498310
388790,라이콤,KOSDAQ,199573268440
473980,노머스,KOSDAQ,199142369220
039860,나노엔텍,KOSDAQ,198464806130
264660,씨앤지하이테크,KOSDAQ,197825850200
300080,플리토,KOSDAQ,197735302980
357880,SKAI,KOSDAQ,197198970760
123410,코리아에프티,KOSDAQ,196557911840
143160,아이디스,KOSDAQ,196538592600
052330,코텍,KOSDAQ,196265558450
114840,아이패밀리에스씨,KOSDAQ,196061268000
101970,우양에이치씨,KOSDAQ,195671819070
475580,에이럭스,KOSDAQ,195108568000
062970,한국첨단소재,KOSDAQ,194386730670
119830,아이텍,KOSDAQ,194192299510
040160,누리플렉스,KOSDAQ,193973558150
049430,코메론,KOSDAQ,193174800000
290740,액트로,KOSDAQ,192543660430
242040,나무기술,KOSDAQ,192410827840
259630,엠플러스,KOSDAQ,192214641280
365330,에스와이스틸텍,KOSDAQ,192154930000
220260,켐트로스,KOSDAQ,191790888900
340450,지씨지놈,KOSDAQ,190861899510
334970,프레스티지바이오로직스,KOSDAQ,189327671095
323990,박셀바이오,KOSDAQ,188151921050
068790,DMS,KOSDAQ,188009965920
032940,원익,KOSDAQ,187936065900
037350,성도이엔지,KOSDAQ,187843500000
267320,나인테크,KOSDAQ,187748014650
042420,네오위즈홀딩스,KOSDAQ,187679623150
086980,쇼박스,KOSDAQ,187600810000
016790,현대사료,KOSDAQ,187340898626
008830,대동기어,KOSDAQ,186940416000
235980,메드팩토,KOSDAQ,186799409450
065450,빅텍,KOSDAQ,186415052400
048870,시너지이노베이션,KOSDAQ,185905691930
389030,지니너스,KOSDAQ,185901074200
047770,코데즈컴바인,KOSDAQ,185617962810
290690,소룩스,KOSDAQ,185508037440
092130,이크레더블,KOSDAQ,185471440000
143240,사람인,KOSDAQ,185246937060
067000,조이시티,KOSDAQ,184894614670
131030,옵투스제약,KOSDAQ,184230399600
038290,마크로젠,KOSDAQ,184195386000
217270,넵튠,KOSDAQ,184138433420
037070,파세코,KOSDAQ,183800000000
264850,이랜시스,KOSDAQ,183585348720
101170,우림피티에스,KOSDAQ,183465000000
250060,모비스,KOSDAQ,183054776660
051980,중앙첨단소재,KOSDAQ,182745861305
002230,피에스텍,KOSDAQ,180788431600
038390,레드캡투어,KOSDAQ,180417669380
005160,동국산업,KOSDAQ,180091680240
166480,코아스템켐온,KOSDAQ,178966222760
149950,아바텍,KOSDAQ,178910232270
282880,코윈테크,KOSDAQ,178685572960
445180,퓨릿,KOSDAQ,178595663320
036710,심텍홀딩스,KOSDAQ,178557808520
083500,에프엔에스테크,KOSDAQ,178375017600
307180,아이엘,KOSDAQ,177385847030
192410,오늘이엔엠,KOSDAQ,176847357880
047560,이스트소프트,KOSDAQ,175940358180
333430,일승,KOSDAQ,175756992840
456070,이엔셀,KOSDAQ,175474196150
066620,국보디자인,KOSDAQ,175125000000
023910,대한약품,KOSDAQ,174900000000
148150,세경하이테크,KOSDAQ,174515236380
011040,경동제약,KOSDAQ,174458903220
408470,한패스,KOSDAQ,174438000000
115440,우리넷,KOSDAQ,174219872880
322510,제이엘케이,KOSDAQ,174164288840
108230,톱텍,KOSDAQ,173956345875
129920,대성하이텍,KOSDAQ,173632570980
282720,금양그린파워,KOSDAQ,173187655000
073010,케이에스피,KOSDAQ,173023331250
107600,새빗켐,KOSDAQ,172842657800
156100,엘앤케이바이오,KOSDAQ,172774412690
067280,멀티캠퍼스,KOSDAQ,172765607850
209640,와이제이링크,KOSDAQ,172365464760
260970,에스앤디,KOSDAQ,172118863000
033340,좋은사람들,KOSDAQ,172087240450
138360,앤로보틱스,KOSDAQ,172076498670
192440,슈피겐코리아,KOSDAQ,171571618800
322180,LS티라유텍,KOSDAQ,170932609280
037030,파워넷,KOSDAQ,170681916480
053080,케이엔솔,KOSDAQ,170297471700
0007J0,인벤테라,KOSDAQ,170292708100
234030,싸이닉솔루션,KOSDAQ,169247850000
040300,YTN,KOSDAQ,168538124300
013990,아가방컴퍼니,KOSDAQ,168384184320
256940,킵스파마,KOSDAQ,168254871860
069510,에스텍,KOSDAQ,167904900000
041440,현대에버다임,KOSDAQ,166976598080
042510,라온시큐어,KOSDAQ,166845040860
095190,신화프리텍,KOSDAQ,166414178100
021080,에이티넘인베스트,KOSDAQ,166320000000
125210,아모그린텍,KOSDAQ,165792739500
360070,탑머티리얼,KOSDAQ,165257068600
054800,아이디스홀딩스,KOSDAQ,164943230640
204610,티쓰리,KOSDAQ,164455142800
088130,동아엘텍,KOSDAQ,164187098460
255440,야스,KOSDAQ,164008480000
071200,인피니트헬스케어,KOSDAQ,163944197760
054540,삼영엠텍,KOSDAQ,163670000000
453450,그리드위즈,KOSDAQ,163620650000
182360,큐브엔터,KOSDAQ,163428912990
446540,메가터치,KOSDAQ,162533068740
136540,윈스테크넷,KOSDAQ,162338242120
217820,원익피앤이,KOSDAQ,162294591780
355150,코스텍시스,KOSDAQ,161795012500
396270,넥스트칩,KOSDAQ,161641723365
023600,삼보판지,KOSDAQ,160883415000
228670,레이,KOSDAQ,160233053500
007330,푸른저축은행,KOSDAQ,159726852000
066410,버킷스튜디오,KOSDAQ,159637252154
080420,모다이노칩,KOSDAQ,159443244000
046070,코다코,KOSDAQ,159196994920
214680,디알텍,KOSDAQ,158522929344
085670,뉴프렉스,KOSDAQ,158196423670
126730,코칩,KOSDAQ,158125371780
452190,한빛레이저,KOSDAQ,158114881770
331740,아우토크립트,KOSDAQ,158042491110
0015S0,페스카로,KOSDAQ,157867680000
005860,한일사료,KOSDAQ,157614740000
072870,메가스터디,KOSDAQ,157356658800
147830,제룡산업,KOSDAQ,157200000000
263860,지니언스,KOSDAQ,156623100000
104460,디와이피엔에프,KOSDAQ,156298980860
017510,세명전기,KOSDAQ,156271500000
297890,HB솔루션,KOSDAQ,156155851390
027710,팜스토리,KOSDAQ,155871823400
246710,티앤알바이오팹,KOSDAQ,155550786960
092040,아미코젠,KOSDAQ,155441851400
476040,오가노이드사이언스,KOSDAQ,155423936000
417500,제이아이테크,KOSDAQ,155399686560
086670,비엠티,KOSDAQ,154943064850
063570,NICE인프라,KOSDAQ,154689207840
225190,LK삼양,KOSDAQ,154325883600
443670,에스피소프트,KOSDAQ,154138872160
053700,삼보모터스,KOSDAQ,154088881590
336680,탑런토탈솔루션,KOSDAQ,154037770730
021320,KCC건설,KOSDAQ,153866000000
066310,큐에스아이,KOSDAQ,153445327550
006620,동구바이오제약,KOSDAQ,153426306880
038110,에코플라스틱,KOSDAQ,152326669000
024800,유성티엔에스,KOSDAQ,152097688260
321370,센서뷰,KOSDAQ,151894823640
464490,쿼드메디슨,KOSDAQ,151563891600
049960,쎌바이오텍,KOSDAQ,151152000000
240550,동방메디컬,KOSDAQ,150933707400
036220,오상헬스케어,KOSDAQ,150678150480
263720,디앤씨미디어,KOSDAQ,150440602920
093190,빅솔론,KOSDAQ,150255848050
408920,메쎄이상,KOSDAQ,149151969750
131370,알서포트,KOSDAQ,149147832400
090850,현대이지웰,KOSDAQ,149127147080
005990,매일홀딩스,KOSDAQ,148808021760
123040,엠에스오토텍,KOSDAQ,148429068630
105330,케이엔더블유,KOSDAQ,148394658720
413630,씨피시스템,KOSDAQ,148114884690
090470,제이스텍,KOSDAQ,147677219300
306620,지아이에스,KOSDAQ,147592157250
310200,애니플러스,KOSDAQ,147360011700
049720,고려신용정보,KOSDAQ,146861000000
096250,와이즈넛,KOSDAQ,146681203200
052420,오성첨단소재,KOSDAQ,146617244480
382840,원준,KOSDAQ,145843598550
122450,KX,KOSDAQ,145216262160
136150,원일티엔아이,KOSDAQ,144908008700
025950,동신건설,KOSDAQ,144648000000
109610,에스와이,KOSDAQ,144032293000
039830,오로라,KOSDAQ,143899839300
331920,셀레믹스,KOSDAQ,143689004800
215100,로보로보,KOSDAQ,143660085240
045970,코아시아,KOSDAQ,143152925440
074430,아미노로직스,KOSDAQ,142367314124
141000,비아트론,KOSDAQ,141863254100
225530,HC보광산업,KOSDAQ,141721035300
226400,오스테오닉,KOSDAQ,141325350840
095270,웨이브일렉트로,KOSDAQ,141137026920
093640,케이알엠,KOSDAQ,140667795030
003100,선광,KOSDAQ,140580000000
307930,컴퍼니케이,KOSDAQ,140333900000
071280,로체시스템즈,KOSDAQ,140269849510
036010,아비코전자,KOSDAQ,139309948320
100130,동국S&C,KOSDAQ,137143200000
205100,엑셈,KOSDAQ,136993244436
309960,LB인베스트먼트,KOSDAQ,136981710100
059120,아진엑스텍,KOSDAQ,136959293680
035080,그래디언트,KOSDAQ,136832469480
000440,중앙에너비스,KOSDAQ,136685503500
089600,KT나스미디어,KOSDAQ,136504323400
317770,엑스페릭스,KOSDAQ,136277245575
187790,나노,KOSDAQ,136008060300
003310,대주산업,KOSDAQ,135906624000
063080,컴투스홀딩스,KOSDAQ,135860955200
950130,엑세스바이오,KOSDAQ,134688360240
049950,미래컴퍼니,KOSDAQ,134384552160
067900,와이엔텍,KOSDAQ,133585497060
067990,도이치모터스,KOSDAQ,133505591250
290720,푸드나무,KOSDAQ,133464139600
054620,APS,KOSDAQ,133174160040
337930,젝시믹스,KOSDAQ,132950608000
294630,서남,KOSDAQ,132886247760
366030,공구우먼,KOSDAQ,132525022500
269620,시스웍,KOSDAQ,132090012299
029480,광무,KOSDAQ,131979281720
032300,한국파마,KOSDAQ,131862015090
463020,뉴엔AI,KOSDAQ,131767328000
047820,초록뱀미디어,KOSDAQ,131562143400
054050,농우바이오,KOSDAQ,131129988980
023900,풍국주정,KOSDAQ,131040000000
078890,가온그룹,KOSDAQ,131001344730
052260,현대바이오랜드,KOSDAQ,130950000000
081180,쎄크,KOSDAQ,130529662650
063170,서울옥션,KOSDAQ,129752149100
100700,세운메디칼,KOSDAQ,129648000000
330350,위더스제약,KOSDAQ,129645004980
048530,인트론바이오,KOSDAQ,129459256290
013310,아진산업,KOSDAQ,129419950970
117670,알파칩스,KOSDAQ,129371029640
223250,드림씨아이에스,KOSDAQ,128906326560
041520,이엘씨,KOSDAQ,128834876100
049520,유아이엘,KOSDAQ,128613746250
024740,한일단조,KOSDAQ,128462976345
389140,포바이포,KOSDAQ,128427615000
432470,케이엔에스,KOSDAQ,127977002040
009780,엠에스씨,KOSDAQ,127600000000
489460,바이오비쥬,KOSDAQ,127426322100
109740,디에스케이,KOSDAQ,127266430500
084650,랩지노믹스,KOSDAQ,127247342860
053580,웹케시,KOSDAQ,126953468880
417970,모델솔루션,KOSDAQ,126782594000
059210,메타바이오메드,KOSDAQ,126618933700
411080,샌즈랩,KOSDAQ,126568719020
079810,APS이노베이션,KOSDAQ,126154630840
086710,선진뷰티사이언스,KOSDAQ,125815816800
036690,코맥스,KOSDAQ,125692107675
265740,엔에프씨,KOSDAQ,125402472000
396470,워트,KOSDAQ,125091200000
251120,바이오에프디엔씨,KOSDAQ,124957209000
038540,상상인,KOSDAQ,124765345815
388870,파로스아이바이오,KOSDAQ,123892569240
073560,우리손에프앤지,KOSDAQ,123381479826
299660,셀리드,KOSDAQ,122584869435
493330,지에프아이,KOSDAQ,122453407240
451220,아이엠티,KOSDAQ,122135216610
0015N0,아로마티카,KOSDAQ,122064480000
448710,코츠테크놀로지,KOSDAQ,121825980600
381620,제닉스로보틱스,KOSDAQ,121734297600
308080,바이젠셀,KOSDAQ,121355619200
044990,에이치엔에스하이텍,KOSDAQ,120507464000
099750,이지케어텍,KOSDAQ,120473905860
014970,삼륭물산,KOSDAQ,119790000000
042500,링네트,KOSDAQ,119703443280
089230,THE E&M,KOSDAQ,119678861430
238090,앤디포스,KOSDAQ,119370072600
339950,아이비김영,KOSDAQ,119333369025
033290,로젠,KOSDAQ,119332139625
067290,JW신약,KOSDAQ,119078843875
053260,금강철강,KOSDAQ,119059200000
100590,머큐리,KOSDAQ,119041772960
278650,HLB바이오스텝,KOSDAQ,118888946176
018120,진로발효,KOSDAQ,118584259200
072950,빛샘전자,KOSDAQ,118453893100
051160,지어소프트,KOSDAQ,118224645200
088390,이녹스,KOSDAQ,117980059080
026150,특수건설,KOSDAQ,117735881010
253840,수젠텍,KOSDAQ,117537264000
330730,스톤브릿지벤처스,KOSDAQ,117505003500
418470,KT밀리의서재,KOSDAQ,117436967190
305090,마이크로디지탈,KOSDAQ,117148846500
078140,대봉엘에스,KOSDAQ,116963408450
439580,블루엠텍,KOSDAQ,116770587150
298540,더네이쳐홀딩스,KOSDAQ,116760271160
163730,핑거,KOSDAQ,116735508880
096240,크레버스,KOSDAQ,116724016600
041590,플래스크,KOSDAQ,116064014460
424960,스마트레이더시스템,KOSDAQ,116055174400
370090,퓨런티어,KOSDAQ,115773909900
091120,이엠텍,KOSDAQ,115133329920
142210,유니트론텍,KOSDAQ,114755258590
048550,SM C&C,KOSDAQ,114606824700
038460,바이오스마트,KOSDAQ,114600238440
086960,MDS테크,KOSDAQ,114502048300
036630,세종텔레콤,KOSDAQ,114100000000
208370,셀바스헬스케어,KOSDAQ,114030698520
172670,에이엘티,KOSDAQ,113795289300
065530,와이어블,KOSDAQ,113617052625
362320,청담글로벌,KOSDAQ,113582427300
066700,테라젠이텍스,KOSDAQ,113314746800
024880,케이피에프,KOSDAQ,113314677480
377480,마음AI,KOSDAQ,113195578000
101330,모베이스,KOSDAQ,113188971810
046210,HLB파나진,KOSDAQ,112994575190
030960,양지사,KOSDAQ,112499200000
201490,미투온,KOSDAQ,112285675450
347860,알체라,KOSDAQ,112261786900
317830,에스피시스템스,KOSDAQ,112155445380
382150,온코크로스,KOSDAQ,111836925690
059270,해성에어로보틱스,KOSDAQ,111541337010
159010,아스플로,KOSDAQ,111345070650
303810,동국생명과학,KOSDAQ,111304807200
348150,고바이오랩,KOSDAQ,110687667300
205500,넥써쓰,KOSDAQ,110529258676
191420,테고사이언스,KOSDAQ,110036877380
950190,고스트스튜디오,KOSDAQ,109994148550
039340,한국경제TV,KOSDAQ,109890000000
217330,싸이토젠,KOSDAQ,109518405045
096350,대창솔루션,KOSDAQ,109458643140
460940,피앤에스로보틱스,KOSDAQ,108827490800
277880,티에스아이,KOSDAQ,108740801760
382480,지아이텍,KOSDAQ,108625706400
315640,딥노이드,KOSDAQ,108236674920
040910,아이씨디,KOSDAQ,108102280500
038680,에스넷,KOSDAQ,107926519640
149980,하이로닉,KOSDAQ,107879307670
348080,큐라티스,KOSDAQ,107830095454
039980,폴라리스AI,KOSDAQ,107785367256
101670,하이드로리튬,KOSDAQ,107592769365
124560,태웅로직스,KOSDAQ,107450250525
396300,세아메카닉스,KOSDAQ,107414922500
011370,서한,KOSDAQ,107251241495
049480,오픈베이스,KOSDAQ,106993214115
173130,오파스넷,KOSDAQ,106981078600
033130,디지틀조선,KOSDAQ,106891968960
001540,안국약품,KOSDAQ,106817419800
265560,영화테크,KOSDAQ,106794898200
006140,피제이전자,KOSDAQ,106650000000
020710,시공테크,KOSDAQ,106254241000
461030,아이엠비디엑스,KOSDAQ,106218770970
056360,코위버,KOSDAQ,106197312000
311690,CJ 바이오사이언스,KOSDAQ,105960896820
412350,레이저쎌,KOSDAQ,105651382320
357230,에이치피오,KOSDAQ,105091896420
054670,대한뉴팜,KOSDAQ,104790916000
033230,인성정보,KOSDAQ,104566836600
060560,HC홈센타,KOSDAQ,104344686576
222040,코스맥스엔비티,KOSDAQ,104171400000
009300,삼아제약,KOSDAQ,104085800000
019540,일지테크,KOSDAQ,104053950000
041930,동아화성,KOSDAQ,103964000000
043610,KT지니뮤직,KOSDAQ,103794172268
413390,엠오티,KOSDAQ,103758412800
083790,CG인바이츠,KOSDAQ,103653357336
205470,휴마시스,KOSDAQ,103629382209
348350,위드텍,KOSDAQ,103078938000
105740,디케이락,KOSDAQ,102803666430
007820,에스엠코어,KOSDAQ,102774142980
035610,솔본,KOSDAQ,102547488750
299170,더블유에스아이,KOSDAQ,102325324920
058630,엠게임,KOSDAQ,102157693680
175140,휴먼테크놀로지,KOSDAQ,102146716035
228850,레이언스,KOSDAQ,102034736100
091440,한울소재과학,KOSDAQ,101595571695
352090,스톰테크,KOSDAQ,101311202460
058400,KNN,KOSDAQ,101308735800
120240,대정화금,KOSDAQ,101240705280
234300,에스트래픽,KOSDAQ,101076902700
082850,우리바이오,KOSDAQ,101031965130
019550,SBI인베스트먼트,KOSDAQ,100967476225
066590,스모트로닉,KOSDAQ,100949415570
039610,화성밸브,KOSDAQ,100252152000
004650,창해에탄올,KOSDAQ,100180646500
052860,아이앤씨,KOSDAQ,100031982400
046940,우원개발,KOSDAQ,99770412000
012700,리드코프,KOSDAQ,99671411860
246720,아스타,KOSDAQ,99434491000
311320,지오엘리먼트,KOSDAQ,99402732800
443250,레뷰코퍼레이션,KOSDAQ,98457798400
302550,리메드,KOSDAQ,98439272750
215790,이노인스트루먼트,KOSDAQ,98290883560
033320,제이씨현시스템,KOSDAQ,98248180480
060590,씨티씨바이오,KOSDAQ,98174941200
024830,세원물산,KOSDAQ,98112500000
048430,유라테크,KOSDAQ,98035200000
044340,위닉스,KOSDAQ,97588900500
261780,차백신연구소,KOSDAQ,97425045520
137950,제이씨케미칼,KOSDAQ,97310347180
187420,HLB제넥스,KOSDAQ,97282217380
066790,씨씨에스,KOSDAQ,97271994227
048910,대원미디어,KOSDAQ,97235252580
060570,드림어스컴퍼니,KOSDAQ,97073060630
105550,엣지파운드리,KOSDAQ,96944129138
093920,서원인텍,KOSDAQ,96720000000
214270,FSN,KOSDAQ,96627826800
068240,다원시스,KOSDAQ,96553495610
014950,삼익제약,KOSDAQ,96102515850
041910,폴라리스AI파마,KOSDAQ,95996425770
212560,네오오토,KOSDAQ,95915396920
109080,옵티시스,KOSDAQ,95868360000
184230,SGA솔루션즈,KOSDAQ,95638944150
360350,코셈,KOSDAQ,95313420800
419050,삼기에너지솔루션즈,KOSDAQ,95288935840
065440,이루온,KOSDAQ,95189819800
192250,케이사인,KOSDAQ,94770146250
290670,대보마그네틱,KOSDAQ,94606226400
251630,브이원텍,KOSDAQ,94541313980
084730,팅크웨어,KOSDAQ,94541198240
040420,정상제이엘에스,KOSDAQ,94457250800
131400,이브이첨단소재,KOSDAQ,94453132970
126880,제이엔케이글로벌,KOSDAQ,94443955210
025550,한국선재,KOSDAQ,94274244780
241690,유니테크노,KOSDAQ,94212218100
088280,쏘닉스,KOSDAQ,93974240700
323350,다원넥스뷰,KOSDAQ,93966355560
463480,모티브링크,KOSDAQ,93547202900
110790,크리스에프앤씨,KOSDAQ,93255220800
347890,엠투아이,KOSDAQ,93127989960
094840,슈프리마에이치큐,KOSDAQ,92967300000
104040,디에스엠,KOSDAQ,92372732114
072020,중앙백신,KOSDAQ,92222198250
067570,엔브이에이치코리아,KOSDAQ,92141450000
065510,휴비츠,KOSDAQ,92116621260
453860,에이에스텍,KOSDAQ,92090804670
024840,KBI메탈,KOSDAQ,91985739365
263600,덕우전자,KOSDAQ,91917888700
227950,엔투텍,KOSDAQ,91446754910
222110,팬젠,KOSDAQ,91085829750
081150,티플랙스,KOSDAQ,91006507500
102370,케이옥션,KOSDAQ,90673269300
054040,한국컴퓨터,KOSDAQ,90320649800
071670,에이테크솔루션,KOSDAQ,90300000000
039010,현대에이치티,KOSDAQ,90217500000
451250,삐아,KOSDAQ,90192235140
099220,SDN,KOSDAQ,90012869100
123420,위메이드플레이,KOSDAQ,90011409020
128660,피제이메탈,KOSDAQ,89912212625
036090,위지트,KOSDAQ,89859743556
950220,네오이뮨텍,KOSDAQ,89854185080
376930,노을,KOSDAQ,89811106573
900250,크리스탈신소재,KOSDAQ,89680762504
391710,코닉오토메이션,KOSDAQ,89502987000
016250,SGC E&C,KOSDAQ,89305761780
203690,아크솔루션스,KOSDAQ,89196141000
217190,제너셈,KOSDAQ,89182499580
027830,대성창투,KOSDAQ,89100000000
053280,예스24,KOSDAQ,88875000000
214260,라파스,KOSDAQ,88778506850
002800,신신제약,KOSDAQ,88747425000
130580,나이스디앤비,KOSDAQ,88704000000
478560,블랙야크아이앤씨,KOSDAQ,88597922140
263800,데이타솔루션,KOSDAQ,88590574800
170030,현대공업,KOSDAQ,88588500000
032850,비트컴퓨터,KOSDAQ,88269685830
273640,와이엠텍,KOSDAQ,88056980000
019990,에너토크,KOSDAQ,87902352880
207760,미스터블루,KOSDAQ,87732250848
011320,유니크,KOSDAQ,87715955300
064800,포니링크,KOSDAQ,87675806428
067370,선바이오,KOSDAQ,87671660450
153710,옵티팜,KOSDAQ,87579649260
347000,센코,KOSDAQ,87532108490
142280,녹십자엠에스,KOSDAQ,87511252150
0010F0,보원케미칼,KOSDAQ,87477267850
216050,인크로스,KOSDAQ,87333909600
307870,비투엔,KOSDAQ,87142879593
036640,HRS,KOSDAQ,86353344000
045660,에이텍,KOSDAQ,86317000000
378800,샤페론,KOSDAQ,86197009784
217500,러셀,KOSDAQ,86051460000
140070,서플러스글로벌,KOSDAQ,85997100000
136410,아셈스,KOSDAQ,85728644680
066980,한성크린텍,KOSDAQ,85589086000
452400,이닉스,KOSDAQ,85543566040
475430,키스트론,KOSDAQ,85313965800
052900,KX하이텍,KOSDAQ,85253471664
424980,마이크로투나노,KOSDAQ,85054449300
014470,부방,KOSDAQ,85034000160
340360,다보링크,KOSDAQ,84966443904
089850,유비벨록스,KOSDAQ,84845946240
321260,프로이천,KOSDAQ,84717212420
435570,에르코스,KOSDAQ,84472341470
049180,셀루메드,KOSDAQ,83948814126
094940,푸른기술,KOSDAQ,83864701580
183490,엔지켐생명과학,KOSDAQ,83793832650
041460,한국전자인증,KOSDAQ,83790000000
204840,지엘팜텍,KOSDAQ,83752926480
215360,우리산업,KOSDAQ,83559291450
070300,엑스큐어,KOSDAQ,83439339240
208140,정다운,KOSDAQ,83344827300
037440,희림,KOSDAQ,83256400500
168330,내츄럴엔도텍,KOSDAQ,83197838000
163280,에어레인,KOSDAQ,82978775800
261520,이지스,KOSDAQ,82736290000
373200,엑스플러스,KOSDAQ,82673228505
111710,남화산업,KOSDAQ,82660820000
317690,퀀타매트릭스,KOSDAQ,82553618900
226330,신테카바이오,KOSDAQ,82236230250
054930,유신,KOSDAQ,82200000000
290660,네오펙트,KOSDAQ,81985402746
017650,대림제지,KOSDAQ,81876200000
053050,지에스이,KOSDAQ,81716201825
446840,지슨,KOSDAQ,81688212089
032540,TJ미디어,KOSDAQ,81604397765
175250,아이큐어,KOSDAQ,81501658560
459100,위츠,KOSDAQ,81469905000
321820,아티스트컴퍼니,KOSDAQ,81386982720
262260,에이프로,KOSDAQ,81311014240
412540,제일엠앤에스,KOSDAQ,81063616775
417790,트루엔,KOSDAQ,80920662430
212710,아이에스티이,KOSDAQ,80833015200
067920,이글루,KOSDAQ,80821474650
134580,탑코미디어,KOSDAQ,80793110211
104620,노랑풍선,KOSDAQ,80522544080
294140,레몬,KOSDAQ,80245048440
408900,스튜디오미르,KOSDAQ,80244676050
145170,노브랜드,KOSDAQ,80230381725
053450,세코닉스,KOSDAQ,80029064230
066430,아이로보틱스,KOSDAQ,79873091040
246690,TS인베스트먼트,KOSDAQ,79755844476
162300,신스틸,KOSDAQ,79625053440
222160,NPX,KOSDAQ,79551289560
037760,쎄니트,KOSDAQ,79507364350
317850,대모,KOSDAQ,79498211000
241790,티이엠씨씨엔에스,KOSDAQ,79420913960
061250,화일약품,KOSDAQ,79377823721
458350,에스팀,KOSDAQ,79277616000
038060,루멘스,KOSDAQ,79273857712
053350,이니텍,KOSDAQ,79165728675
039020,이건홀딩스,KOSDAQ,79159405045
049470,비트플래닛,KOSDAQ,79110862656
260930,씨티케이,KOSDAQ,79010399235
159580,제로투세븐,KOSDAQ,78928585840
004590,한국가구,KOSDAQ,78600000000
043710,서울리거,KOSDAQ,78339071550
306040,에스제이그룹,KOSDAQ,78334674320
302430,이노메트리,KOSDAQ,78174003600
039240,경남스틸,KOSDAQ,78105953580
076610,해성옵틱스,KOSDAQ,77955195040
037230,한국팩키지,KOSDAQ,77927855105
094850,참좋은여행,KOSDAQ,77840000000
317870,엔바이오니아,KOSDAQ,77720257050
043650,국순당,KOSDAQ,77683622400
173940,에프엔씨엔터,KOSDAQ,77579752320
171120,라이온켐텍,KOSDAQ,77547801600
033310,엠투엔,KOSDAQ,77546564640
012790,신일제약,KOSDAQ,77432240900
033170,시그네틱스,KOSDAQ,77326943738
127710,아시아경제,KOSDAQ,77174215920
331380,포커스에이아이,KOSDAQ,77139343820
060310,3S,KOSDAQ,76564194720
0013V0,삼진식품,KOSDAQ,76472837760
299900,위지윅스튜디오,KOSDAQ,76458851148
024950,삼천리자전거,KOSDAQ,76323067750
900260,로스웰,KOSDAQ,76133133724
950200,소마젠,KOSDAQ,75886229085
155650,와이엠씨,KOSDAQ,75802560210
024910,경창산업,KOSDAQ,75757195575
234100,폴라리스세원,KOSDAQ,75665249244
027050,코리아나,KOSDAQ,75440000000
052220,iMBC,KOSDAQ,75210000000
036000,예림당,KOSDAQ,75091743020
206560,덱스터,KOSDAQ,74837562520
017480,삼현철강,KOSDAQ,74588727500
010280,아이티센엔텍,KOSDAQ,74566734970
170790,파이오링크,KOSDAQ,74528952750
289220,자이언트스텝,KOSDAQ,74299695930
072990,에이치시티,KOSDAQ,74230814720
104540,코렌텍,KOSDAQ,74029434600
246960,SCL사이언스,KOSDAQ,73987077225
042940,상지건설,KOSDAQ,73886663840
010470,오리콤,KOSDAQ,73646557500
040610,SG&G,KOSDAQ,73628343360
065500,오리엔트정공,KOSDAQ,73466835520
479960,위너스,KOSDAQ,73305700000
219550,디와이디,KOSDAQ,73258048090
198440,강동씨앤엘,KOSDAQ,73240138992
036120,서울평가정보,KOSDAQ,72750150000
042110,에스씨디,KOSDAQ,72204368616
460870,에스엠씨지,KOSDAQ,72063161360
234920,자이글,KOSDAQ,71849132100
459550,알트,KOSDAQ,71693819340
393210,토마토시스템,KOSDAQ,71514611520
068330,일신바이오,KOSDAQ,71497498380
317530,캐리소프트,KOSDAQ,71466592970
040350,크레오에스지,KOSDAQ,71445147852
347740,피엔케이피부임상연구센타,KOSDAQ,71425170880
015710,코콤,KOSDAQ,71349135000
153460,네이블,KOSDAQ,71111852460
291650,압타머사이언스,KOSDAQ,70852481920
072470,우리산업홀딩스,KOSDAQ,70827528750
039420,케이엘넷,KOSDAQ,70562006550
095910,에스에너지,KOSDAQ,70491158010
036670,삼양케이씨아이,KOSDAQ,70324800000
196300,HLB펩,KOSDAQ,70258088880
373160,데이원컴퍼니,KOSDAQ,70003867830
099410,동방선기,KOSDAQ,69790000000
430690,한싹,KOSDAQ,69730092800
073640,테라사이언스,KOSDAQ,69571715580
199550,레이저옵텍,KOSDAQ,69424377060
318160,셀바이오휴먼텍,KOSDAQ,69405123430
222420,쎄노텍,KOSDAQ,69332271532
457370,한켐,KOSDAQ,69274166420
050960,수산아이앤티,KOSDAQ,69197750000
010240,흥국,KOSDAQ,69065400000
064240,홈캐스트,KOSDAQ,69041559490
007370,진양제약,KOSDAQ,68764765755
087260,모바일어플라이언스,KOSDAQ,68686536710
063440,SM Life Design,KOSDAQ,68629468614
332370,아이디피,KOSDAQ,68625163420
122310,제노레이,KOSDAQ,68403066800
288620,에스퓨얼셀,KOSDAQ,68397296800
131760,파인텍,KOSDAQ,68317880059
185490,아이진,KOSDAQ,67913990664
037330,인지디스플레,KOSDAQ,67846556304
089150,케이씨티,KOSDAQ,67828250000
109860,동일금속,KOSDAQ,67795000000
061040,알에프텍,KOSDAQ,67066551310
005670,푸드웰,KOSDAQ,67000000000
189980,흥국에프엔비,KOSDAQ,66869619782
065170,비엘팜텍,KOSDAQ,66853534235
333620,엔시스,KOSDAQ,66716094080
053270,구영테크,KOSDAQ,66470232125
054300,팬스타엔터프라이즈,KOSDAQ,66435844860
078590,휴림에이텍,KOSDAQ,66245764611
080010,이상네트웍스,KOSDAQ,66190027830
049550,잉크테크,KOSDAQ,66073153490
082210,옵트론텍,KOSDAQ,65975803710
452300,캡스톤파트너스,KOSDAQ,65888198250
143540,영우디에스피,KOSDAQ,65874044915
218150,미래생명자원,KOSDAQ,65738882440
137080,나래나노텍,KOSDAQ,65692966680
177900,쓰리에이로직스,KOSDAQ,65560032000
340440,세림B&G,KOSDAQ,65412129020
088910,동우팜투테이블,KOSDAQ,65354362920
407400,꿈비,KOSDAQ,65196848970
033830,티비씨,KOSDAQ,65000000000
261200,덴티스,KOSDAQ,64977867000
092300,현우산업,KOSDAQ,64960281760
352910,오비고,KOSDAQ,64958302280
052790,액토즈소프트,KOSDAQ,64924555740
114450,그린생명과학,KOSDAQ,64800000000
045340,토탈소프트,KOSDAQ,64784362800
004780,대륙제관,KOSDAQ,64646503935
189330,씨이랩,KOSDAQ,64643936760
014190,원익큐브,KOSDAQ,64640228356
096630,에스코넥,KOSDAQ,64537253808
303360,프로티아,KOSDAQ,64527372150
035460,기산텔레콤,KOSDAQ,64504729500
215090,솔디펜스,KOSDAQ,64488515885
384470,코어라인소프트,KOSDAQ,64428624280
0010V0,제이피아이헬스케어,KOSDAQ,64123824000
263690,디알젬,KOSDAQ,64102952600
072770,멤레이비티,KOSDAQ,64011655116
238120,얼라인드,KOSDAQ,63986087200
089790,제이티,KOSDAQ,63956180600
008370,원풍,KOSDAQ,63720000000
419080,엔젯,KOSDAQ,63469713780
465480,인스피언,KOSDAQ,63462452720
066360,체리부로,KOSDAQ,63200755770
097800,윈팩,KOSDAQ,63176456027
413640,비아이매트릭스,KOSDAQ,63060725000
351330,이삭엔지니어링,KOSDAQ,62909866800
232830,아이티센피엔에스,KOSDAQ,62745490170
053980,오상자이엘,KOSDAQ,62738097815
198080,캐프,KOSDAQ,62667388350
297570,알로이스,KOSDAQ,62664404580
001840,이화공영,KOSDAQ,62588831935
365590,하이딥,KOSDAQ,62532376440
094970,제이엠티,KOSDAQ,62387194000
237820,플레이디,KOSDAQ,62275764700
452200,민테크,KOSDAQ,62246123735
053620,태양,KOSDAQ,62006000000
294090,이오플로우,KOSDAQ,61997566450
104200,NHN벅스,KOSDAQ,61979159000
090410,덕신이피씨,KOSDAQ,61937023680
127980,화인써키트,KOSDAQ,61689963640
046310,백금T&A,KOSDAQ,61651996955
419120,산돌,KOSDAQ,61596344970
450330,하스,KOSDAQ,61483190930
100030,인지소프트,KOSDAQ,61241266100
033560,블루콤,KOSDAQ,61218000000
277070,린드먼아시아,KOSDAQ,60929400000
471820,셀로맥스사이언스,KOSDAQ,60922517810
466410,사이냅소프트,KOSDAQ,60897608070
150900,파수,KOSDAQ,60860394400
369370,블리츠웨이엔터테인먼트,KOSDAQ,60843731420
123010,알엔티엑스,KOSDAQ,60639263650
038070,서린바이오,KOSDAQ,60519495400
067170,오텍,KOSDAQ,60492320260
403490,우듬지팜,KOSDAQ,60355257696
196450,코아시아씨엠,KOSDAQ,60320363642
364950,에이아이코리아,KOSDAQ,60315155150
200350,아티스트스튜디오,KOSDAQ,60176070500
053950,경남제약,KOSDAQ,60095318302
038010,제일테크노스,KOSDAQ,59940000000
037950,엘컴텍,KOSDAQ,59873290971
452160,제이엔비,KOSDAQ,59628667400
311390,네오크레마,KOSDAQ,59219732520
361570,알비더블유,KOSDAQ,59211179460
223310,사토시홀딩스,KOSDAQ,59202811850
229000,젠큐릭스,KOSDAQ,59156116625
054780,키이스트,KOSDAQ,59110983551
256630,포인트엔지니어링,KOSDAQ,59099016368
006920,모헨즈,KOSDAQ,58858800000
239890,피엔에이치테크,KOSDAQ,58620954500
273060,와이즈버즈,KOSDAQ,58583574702
440290,HB인베스트먼트,KOSDAQ,58451163750
052460,아이크래프트,KOSDAQ,58431744000
388610,지에프씨생명과학,KOSDAQ,58234724820
099520,DGI,KOSDAQ,58141862016
221840,하이즈항공,KOSDAQ,58065241905
219750,한국비티비,KOSDAQ,57837366340
007680,대원,KOSDAQ,57819838200
033540,파라텍,KOSDAQ,57784442086
122350,삼기,KOSDAQ,57777517996
189690,포시에스,KOSDAQ,57649354590
476080,M83,KOSDAQ,57641220000
033200,모아텍,KOSDAQ,57611363700
245620,EDGC,KOSDAQ,57474989665
148250,알엔투테크놀로지,KOSDAQ,57175603940
048770,TPC로보틱스,KOSDAQ,57172083222
105760,포스뱅크,KOSDAQ,57095141070
066130,하츠,KOSDAQ,57088000000
219420,링크제니시스,KOSDAQ,57060797325
190650,코리아에셋투자증권,KOSDAQ,56853200000
122690,서진오토모티브,KOSDAQ,56774748360
079000,와토스코리아,KOSDAQ,56736000000
100660,서암기계공업,KOSDAQ,56700000000
432430,와이랩,KOSDAQ,56540996000
043910,자연과환경,KOSDAQ,56355554129
260660,알리코제약,KOSDAQ,56173531965
352700,씨앤투스,KOSDAQ,56101179365
056700,신화인터텍,KOSDAQ,56085050175
332290,누보,KOSDAQ,56065687620
097870,효성오앤비,KOSDAQ,55694400000
263700,케어랩스,KOSDAQ,55621683000
340930,유일에너테크,KOSDAQ,55513882710
053160,프리엠스,KOSDAQ,55380000000
140430,카티스,KOSDAQ,55318202865
434480,모니터랩,KOSDAQ,55211695500
314140,알피바이오,KOSDAQ,55204719570
126640,화신정공,KOSDAQ,55178002340
064480,브리지텍,KOSDAQ,55160787500
373170,엠아이큐브솔루션,KOSDAQ,55014195600
179530,애드바이오텍,KOSDAQ,54906167700
106240,파인테크닉스,KOSDAQ,54883984800
217480,에스디생명공학,KOSDAQ,54756837359
032960,동일기연,KOSDAQ,54714152250
307280,원바이오젠,KOSDAQ,54699574170
073540,에프알텍,KOSDAQ,54685800000
086040,바이오톡스텍,KOSDAQ,54656995975
215380,우정바이오,KOSDAQ,54611974120
007530,와이엠,KOSDAQ,54522865950
258610,케일럼,KOSDAQ,54508684122
065130,탑엔지니어링,KOSDAQ,54413600000
171010,램테크놀러지,KOSDAQ,54406751360
300120,라온피플,KOSDAQ,54404913584
088340,유라클,KOSDAQ,54336381600
189860,서전기전,KOSDAQ,54022204600
013720,THE CUBE&,KOSDAQ,54015390984
103840,우양,KOSDAQ,53763715980
286750,나노실리칸첨단소재,KOSDAQ,53392104619
335810,프리시젼바이오,KOSDAQ,53337299580
199480,뱅크웨어글로벌,KOSDAQ,53328155240
032860,더라미,KOSDAQ,53282143297
160550,NEW,KOSDAQ,53244850248
363250,진시스템,KOSDAQ,53092303680
066670,디티씨,KOSDAQ,53085047120
250000,보라티알,KOSDAQ,53060761380
355390,크라우드웍스,KOSDAQ,53039953995
444530,심플랫폼,KOSDAQ,53032978670
031310,아이즈비전,KOSDAQ,52973636430
069410,엔텔스,KOSDAQ,52965740080
081580,성우전자,KOSDAQ,52960308345
241840,에이스토리,KOSDAQ,52851566760
051490,나라엠앤디,KOSDAQ,52540000000
460470,아이빔테크놀로지,KOSDAQ,52313020200
376180,피코그램,KOSDAQ,52156516780
128540,에코캡,KOSDAQ,52126468380
186230,그린플러스,KOSDAQ,51870893000
016600,큐캐피탈,KOSDAQ,51869909592
091590,남화토건,KOSDAQ,51773400000
026040,제이에스티나,KOSDAQ,51656862700
417860,오브젠,KOSDAQ,51618996940
087600,픽셀플러스,KOSDAQ,51612646560
096610,알에프세미,KOSDAQ,51550708615
025880,케이씨피드,KOSDAQ,51484842640
129890,앱코,KOSDAQ,51466530260
043340,에쎈테크,KOSDAQ,51395000000
320000,한울반도체,KOSDAQ,51116428650
057540,옴니시스템,KOSDAQ,51079070480
290090,트윔,KOSDAQ,51040238480
258790,소프트캠프,KOSDAQ,50857262940
060850,영림원소프트랩,KOSDAQ,50818750000
097780,에코볼트,KOSDAQ,50796139104
073110,엘엠에스,KOSDAQ,50794761050
224110,에이텍모빌리티,KOSDAQ,50730000000
038880,아이에이,KOSDAQ,50722358625
044960,이글벳,KOSDAQ,50504322585
393970,대진첨단소재,KOSDAQ,50428566500
288980,모아데이타,KOSDAQ,50388209915
376290,씨유테크,KOSDAQ,50235587500
119500,포메탈,KOSDAQ,50232263680
263810,상신전자,KOSDAQ,50083574625
363260,모비데이즈,KOSDAQ,50078988333
052600,한네트,KOSDAQ,50070821000
464500,아이언디바이스,KOSDAQ,50025915225
006050,국영지앤엠,KOSDAQ,49900197490
220180,핸디소프트,KOSDAQ,49895805570
020180,대신정보통신,KOSDAQ,49803873840
051390,YW,KOSDAQ,49793288680
263770,유에스티,KOSDAQ,49770361200
002290,삼일기업공사,KOSDAQ,49724000000
080520,오디텍,KOSDAQ,49195901865
336060,웨이버스,KOSDAQ,49118304000
420570,제이투케이바이오,KOSDAQ,48884957880
464280,티디에스팜,KOSDAQ,48719300000
065650,하이퍼코퍼레이션,KOSDAQ,48709644375
317120,라닉스,KOSDAQ,48603100000
019770,서연탑메탈,KOSDAQ,48522250000
001000,신라섬유,KOSDAQ,48506524920
058110,멕아이씨에스,KOSDAQ,48392347950
354200,엔젠바이오,KOSDAQ,48391598750
450520,인스웨이브,KOSDAQ,48378061620
200230,텔콘RF제약,KOSDAQ,48240567232
178780,일월지엠엘,KOSDAQ,48089123100
140520,대창스틸,KOSDAQ,47917981610
082660,코스나인,KOSDAQ,47827617120
418250,시큐레터,KOSDAQ,47629012750
068050,팬엔터테인먼트,KOSDAQ,47273787732
057030,YBM넷,KOSDAQ,47225257815
016670,디모아,KOSDAQ,47148332250
383930,디티앤씨알오,KOSDAQ,47045591040
023440,제이스코홀딩스,KOSDAQ,46964378481
200780,비씨월드제약,KOSDAQ,46879995600
050860,아세아텍,KOSDAQ,46800000000
153490,우리이앤엘,KOSDAQ,46795320000
037370,EG,KOSDAQ,46747348240
271830,팸텍,KOSDAQ,46741970170
208860,다산디엠씨,KOSDAQ,46511463010
206400,베노티앤알,KOSDAQ,46475085762
014570,고려제약,KOSDAQ,46475000000
022220,티케이지애강,KOSDAQ,46356148205
024120,KB오토시스,KOSDAQ,46345000000
356890,싸이버원,KOSDAQ,46321071875
290560,파라택시스이더리움,KOSDAQ,46179037450
083550,케이엠,KOSDAQ,46169912155
065950,웰크론,KOSDAQ,46101716166
109820,진매트릭스,KOSDAQ,46089626400
101240,씨큐브,KOSDAQ,45997986650
277410,인산가,KOSDAQ,45786513960
049830,승일,KOSDAQ,45684234400
203450,유니온바이오메트릭스,KOSDAQ,45615982680
027040,서울전자통신,KOSDAQ,45580694785
475660,에스켐,KOSDAQ,45517252900
351870,차이커뮤니케이션,KOSDAQ,45479616150
359090,씨엔알리서치,KOSDAQ,45401866430
466910,엔에이치스팩30호,KOSDAQ,45318000000
462980,아이지넷,KOSDAQ,45312575945
195990,에이비프로바이오,KOSDAQ,45280289720
462510,라메디텍,KOSDAQ,45247240100
080530,코디,KOSDAQ,45241363125
013810,스페코,KOSDAQ,45138847600
195500,마니커에프앤지,KOSDAQ,45137850000
475460,미트박스,KOSDAQ,45128721000
123570,이엠넷,KOSDAQ,45109057950
317240,TS트릴리온,KOSDAQ,45078019113
239610,에이치엘사이언스,KOSDAQ,44970239100
263020,디케이앤디,KOSDAQ,44967474500
270520,앱튼,KOSDAQ,44822325516
429270,시지트로닉스,KOSDAQ,44757663140
039290,인포뱅크,KOSDAQ,44730516810
256150,한독크린텍,KOSDAQ,44661400000
469750,아이비젼웍스,KOSDAQ,44621142895
035200,프럼파스트,KOSDAQ,44468796300
290120,DH오토리드,KOSDAQ,44228775955
288330,파라택시스코리아,KOSDAQ,44128768736
057680,티사이언티픽,KOSDAQ,44102822119
046390,삼화네트웍스,KOSDAQ,43993218727
038870,에코심플렉스,KOSDAQ,43936865115
133750,메가엠디,KOSDAQ,43818048144
387570,파인메딕스,KOSDAQ,43656984000
007720,소노스퀘어,KOSDAQ,43646594850
398120,에스지헬스케어,KOSDAQ,43492120480
290270,휴네시온,KOSDAQ,43426677440
318020,포인트모바일,KOSDAQ,43423490160
066910,손오공,KOSDAQ,43305757108
270870,뉴트리,KOSDAQ,43149050560
032790,엠젠솔루션,KOSDAQ,43091217868
204020,그리티,KOSDAQ,43083592880
025440,DH오토웨어,KOSDAQ,42829914672
043200,파루,KOSDAQ,42682205615
254120,자비스,KOSDAQ,42594663950
239340,이스트에이드,KOSDAQ,42492923550
296640,이노룰스,KOSDAQ,42461666400
238490,힘스,KOSDAQ,42420885000
147760,피엠티,KOSDAQ,42413874720
455180,케이지에이,KOSDAQ,42363489060
131100,티엔엔터테인먼트,KOSDAQ,42275455164
351320,넥사다이내믹스,KOSDAQ,42142372998
086060,진바이오텍,KOSDAQ,42105770430
021880,메이슨캐피탈,KOSDAQ,42012512784
221980,케이디켐,KOSDAQ,41961920000
159910,에코글로우,KOSDAQ,41868388000
075970,동국알앤에스,KOSDAQ,41768000000
075130,플랜티넷,KOSDAQ,41638911600
114630,폴라리스우노,KOSDAQ,41599190204
065370,위세아이텍,KOSDAQ,41571661020
045060,오공,KOSDAQ,41338416560
050120,ES큐브,KOSDAQ,41167001010
347770,핌스,KOSDAQ,40936962222
012620,원일특강,KOSDAQ,40876000000
318410,비비씨,KOSDAQ,40831036050
451700,엔에이치스팩29호,KOSDAQ,40825750000
148780,비큐AI,KOSDAQ,40785105325
228340,동양파일,KOSDAQ,40700000000
340810,시선AI,KOSDAQ,40099073790
285800,진영,KOSDAQ,39935561950
064090,인크레더블버즈,KOSDAQ,39694710510
090150,아이윈,KOSDAQ,39655902471
452980,신한제11호스팩,KOSDAQ,39643785000
053290,NE능률,KOSDAQ,39580505265
064520,테크엘,KOSDAQ,39337869120
032580,피델릭스,KOSDAQ,39261495840
263920,휴엠앤씨,KOSDAQ,39236104000
257370,피엔티엠에스,KOSDAQ,39202739235
290520,신도기연,KOSDAQ,39186230520
309930,조이웍스앤코,KOSDAQ,39130302704
169330,엠브레인,KOSDAQ,39106619930
298060,에스씨엠생명과학,KOSDAQ,39031404408
464580,닷밀,KOSDAQ,39020908680
187270,신화콘텍,KOSDAQ,38901645575
142760,모아라이프플러스,KOSDAQ,38877955560
059100,아이컴포넌트,KOSDAQ,38677604200
187220,디티앤씨,KOSDAQ,38666150215
130500,GH신소재,KOSDAQ,38617113060
067730,로지시스,KOSDAQ,38598948780
353590,오토앤,KOSDAQ,38369198600
208710,포톤,KOSDAQ,38288283460
318000,KBG,KOSDAQ,38194774510
177830,파버나인,KOSDAQ,38187881330
310870,디와이씨,KOSDAQ,38126640453
001810,무림SP,KOSDAQ,38098637500
038620,위즈코프,KOSDAQ,38091920895
210120,캔버스엔,KOSDAQ,38077077938
303530,이노뎁,KOSDAQ,38017568820
021650,한국큐빅,KOSDAQ,38015058975
109960,앱토크롬,KOSDAQ,37975754268
146060,율촌,KOSDAQ,37896608910
225220,제놀루션,KOSDAQ,37861911433
099390,브레인즈컴퍼니,KOSDAQ,37840184630
262840,아이퀘스트,KOSDAQ,37618350900
291230,엔피,KOSDAQ,37613696075
017000,신원종합개발,KOSDAQ,37571046940
274400,이노시뮬레이션,KOSDAQ,37527216090
438700,버넥트,KOSDAQ,37446830400
027580,상보,KOSDAQ,37284205770
071850,캐스텍코리아,KOSDAQ,36852364822
462310,뉴키즈온,KOSDAQ,36792118895
377220,프롬바이오,KOSDAQ,36718070000
060540,에스에이티,KOSDAQ,36351428646
196490,디에이테크놀로지,KOSDAQ,36245520080
038950,파인디지털,KOSDAQ,36146108100
424760,벨로크,KOSDAQ,36095428525
342870,오아,KOSDAQ,36080304140
049120,파인디앤씨,KOSDAQ,36045656920
131220,대한과학,KOSDAQ,36005186700
051380,피씨디렉트,KOSDAQ,35972468840
284620,카이노스메드,KOSDAQ,35965517911
044480,빌리언스,KOSDAQ,35895358960
038530,케이바이오랩스,KOSDAQ,35871447570
094860,네오리진,KOSDAQ,35731549922
068940,셀피글로벌,KOSDAQ,35720093048
376980,원티드랩,KOSDAQ,35696170070
056730,CNT85,KOSDAQ,35647480466
900300,오가닉티코스메틱,KOSDAQ,35642692392
301300,바이브컴퍼니,KOSDAQ,35583495960
065770,CS,KOSDAQ,35522367900
123840,뉴온,KOSDAQ,35328140385
263050,유틸렉스,KOSDAQ,35324626904
019660,글로본,KOSDAQ,35279162490
079170,한창산업,KOSDAQ,35204000000
333050,이노테나,KOSDAQ,35172442854
101000,KS인더스트리,KOSDAQ,35162407876
367000,플래티어,KOSDAQ,35146587330
073570,리튬포어스,KOSDAQ,35088811703
440320,오픈놀,KOSDAQ,34994800000
236810,엔비티,KOSDAQ,34714746170
024940,PN풍년,KOSDAQ,34700000000
335870,윙스풋,KOSDAQ,34673479110
050110,캠시스,KOSDAQ,34623509935
009730,이렘,KOSDAQ,34382392954
131090,시큐브,KOSDAQ,34270538975
405920,나라셀라,KOSDAQ,34255682160
303030,지니틱스,KOSDAQ,34248960988
089140,넥스턴앤롤코리아,KOSDAQ,34231782990
115480,씨유메디칼,KOSDAQ,34131626154
048470,대동스틸,KOSDAQ,34112750000
018680,서울제약,KOSDAQ,34045211480
252500,세화피앤씨,KOSDAQ,34018839800
224060,더코디,KOSDAQ,34009157980
397810,애드포러스,KOSDAQ,33957866600
054220,비츠로시스,KOSDAQ,33826382226
033050,제이엠아이,KOSDAQ,33687039628
008470,부스타,KOSDAQ,33661224000
304840,피플바이오,KOSDAQ,33615680184
431190,케이쓰리아이,KOSDAQ,33614124580
900340,윙입푸드,KOSDAQ,33570728976
063760,이엘피,KOSDAQ,33523842350
032750,삼진,KOSDAQ,33369995790
068100,케이웨더,KOSDAQ,33337463120
039740,한국정보공학,KOSDAQ,33236255565
054090,삼진엘앤디,KOSDAQ,32696593920
066900,디에이피,KOSDAQ,32592872799
045300,성우테크론,KOSDAQ,32590267080
138070,신진에스엠,KOSDAQ,32485946624
047080,한빛소프트,KOSDAQ,32393182410
900310,컬러레이,KOSDAQ,32148920850
148930,에이치와이티씨,KOSDAQ,32051920950
900070,글로벌에스엠,KOSDAQ,31708941120
115610,이미지스,KOSDAQ,31650663382
368600,아이씨에이치,KOSDAQ,31616472348
432980,엠에프씨,KOSDAQ,31531693140
377330,이지트로닉스,KOSDAQ,31501621980
196700,웹스,KOSDAQ,31385654640
191410,육일씨엔에쓰,KOSDAQ,31371914000
045510,정원엔시스,KOSDAQ,31371850408
258830,세종메디칼,KOSDAQ,31223976612
091340,S&K폴리텍,KOSDAQ,31190416465
069140,누리플랜,KOSDAQ,31097356240
123750,알톤,KOSDAQ,31093332750
405000,플라즈맵,KOSDAQ,31091396400
115160,휴맥스,KOSDAQ,31090545983
096690,에이루트,KOSDAQ,30750605522
237750,피앤씨테크,KOSDAQ,30728918000
222980,한국맥널티,KOSDAQ,30722680155
109670,씨싸이트,KOSDAQ,30583794480
044780,에이치케이,KOSDAQ,30534548550
039310,세중,KOSDAQ,30462522227
328380,솔트웨어,KOSDAQ,30322558530
031510,오스템,KOSDAQ,30268000000
246250,에스엘에스바이오,KOSDAQ,30220617614
080470,성창오토텍,KOSDAQ,30185500000
139670,키네마스터,KOSDAQ,29931877200
083640,인콘,KOSDAQ,29922335135
193250,링크드,KOSDAQ,29745876815
318010,팜스빌,KOSDAQ,29735017500
060380,동양에스텍,KOSDAQ,29687900000
208350,지란지교시큐리티,KOSDAQ,29627971450
372800,아이티아이즈,KOSDAQ,29626565690
076080,웰크론한텍,KOSDAQ,29620938516
016100,리더스코스메틱,KOSDAQ,29587284806
034940,조아제약,KOSDAQ,29368875996
900110,이스트아시아홀딩스,KOSDAQ,29278547530
457600,벡트,KOSDAQ,29265512500
406820,뷰티스킨,KOSDAQ,28979121850
036480,대성미생물,KOSDAQ,28918000000
279600,미디어젠,KOSDAQ,28858250960
016920,카스,KOSDAQ,28798475806
197140,디지캡,KOSDAQ,28759070340
042040,케이피엠테크,KOSDAQ,28686399378
085810,알티캐스트,KOSDAQ,28643615547
032080,아즈텍WB,KOSDAQ,28604559599
417180,핑거스토리,KOSDAQ,28586706867
227610,아우딘퓨쳐스,KOSDAQ,28573481746
198940,한주라이트메탈,KOSDAQ,28530542874
362990,드림인사이트,KOSDAQ,28527374652
052300,오션인더블유,KOSDAQ,28281026848
188040,바이오포트,KOSDAQ,28169434160
023770,플레이위드,KOSDAQ,28091994300
373110,엑셀세라퓨틱스,KOSDAQ,28016918280
079650,서산,KOSDAQ,27940000000
103230,에스앤더블류,KOSDAQ,27792000000
226340,본느,KOSDAQ,27730549620
007770,한일화학,KOSDAQ,27729000000
019570,플루토스,KOSDAQ,27693407178
101400,엔시트론,KOSDAQ,27616686160
037400,우리엔터프라이즈,KOSDAQ,27613183338
267790,배럴,KOSDAQ,27604619310
060230,제이케이시냅스,KOSDAQ,27546998212
060900,에이전트AI,KOSDAQ,27538406460
131180,딜리,KOSDAQ,27530300000
092600,앤씨앤,KOSDAQ,27516618149
093380,풍강,KOSDAQ,27415093575
900270,헝셩그룹,KOSDAQ,27357673184
070590,인티큐브,KOSDAQ,27301017807
101680,한국정밀기계,KOSDAQ,27228960000
043220,티에스넥스젠,KOSDAQ,27227331360
113810,디젠스,KOSDAQ,27113910381
021040,대호특수강,KOSDAQ,26870510212
464680,KB제27호스팩,KOSDAQ,26868210000
217620,선샤인푸드,KOSDAQ,26803681470
377030,비트맥스,KOSDAQ,26778677440
331520,밸로프,KOSDAQ,26652940360
032680,소프트센,KOSDAQ,26608872528
023790,동일스틸럭스,KOSDAQ,26374873553
067010,이씨에스,KOSDAQ,26350170000
115570,스타플렉스,KOSDAQ,26308953860
054940,엑사이엔씨,KOSDAQ,26041235180
078860,스테이지원엔터,KOSDAQ,25881944052
418620,E8,KOSDAQ,25765919146
083470,이엠앤아이,KOSDAQ,25736436774
115530,씨엔플러스,KOSDAQ,25733199530
355690,에이텀,KOSDAQ,25603390260
352940,인바이오,KOSDAQ,25539165500
154030,아시아종묘,KOSDAQ,25329920700
353190,휴럼,KOSDAQ,25202188800
308100,형지글로벌,KOSDAQ,25152089376
348030,모비릭스,KOSDAQ,25065918000
225590,패션플랫폼,KOSDAQ,24659427366
130740,티피씨글로벌,KOSDAQ,24639543615
139050,BF랩스,KOSDAQ,24247965555
208640,썸에이지,KOSDAQ,24227804196
032280,삼일,KOSDAQ,24206889870
415380,스튜디오삼익,KOSDAQ,24144677250
365900,브이씨,KOSDAQ,24087438500
002680,한탑,KOSDAQ,23914431260
240600,유진테크놀로지,KOSDAQ,23832839440
238200,비피도,KOSDAQ,23803800000
043360,디지아이,KOSDAQ,23715000000
291810,핀텔,KOSDAQ,23590077400
050760,에스폴리텍,KOSDAQ,23195242760
017250,인터엠,KOSDAQ,23128968233
065150,대산F&B,KOSDAQ,23110448725
247660,나노씨엠에스,KOSDAQ,23022776000
192390,윈하이텍,KOSDAQ,23002197465
289010,아이스크림에듀,KOSDAQ,22898110352
091970,나노캠텍,KOSDAQ,22868059121
389680,유디엠텍,KOSDAQ,22834263285
312610,에이에프더블류,KOSDAQ,22383861240
084440,유비온,KOSDAQ,22354315200
048830,엔피케이,KOSDAQ,22281468370
053060,세동,KOSDAQ,22124746007
322780,코퍼스코리아,KOSDAQ,22033209614
137940,넥스트아이,KOSDAQ,21939830944
045520,크린앤사이언스,KOSDAQ,21905000000
177350,베셀,KOSDAQ,21894296438
121890,에스디시스템,KOSDAQ,21864428670
275630,에스에스알,KOSDAQ,21855841280
018620,우진비앤지,KOSDAQ,21782526922
098660,에스티오,KOSDAQ,21701694336
080720,한국유니온제약,KOSDAQ,21562456300
065420,에스아이리소스,KOSDAQ,21401612401
230980,비유테크놀러지,KOSDAQ,21370407553
154040,다산솔루에타,KOSDAQ,21342661766
054410,케이피티유,KOSDAQ,21101946140
084180,수성웹툰,KOSDAQ,21056539695
900100,애머릿지,KOSDAQ,21051440298
110020,전진바이오팜,KOSDAQ,21016327840
215480,토박스코리아,KOSDAQ,20976300000
199730,바이오인프라,KOSDAQ,20941099935
096870,엘디티,KOSDAQ,20703037520
014100,메디앙스,KOSDAQ,20638200000
065690,파커스,KOSDAQ,20441776605
134060,이퓨쳐,KOSDAQ,20388543750
060480,국일신동,KOSDAQ,20250340000
020400,대동금속,KOSDAQ,20059854140
088290,이원컴포텍,KOSDAQ,19820540908
344860,이노진,KOSDAQ,19705140000
018700,바른손,KOSDAQ,19702183677
060260,뉴보텍,KOSDAQ,19592413050
419540,비스토스,KOSDAQ,19543634350
067770,세진티에스,KOSDAQ,19312163900
214610,롤링스톤,KOSDAQ,19197807380
043590,웰킵스하이텍,KOSDAQ,18968596638
051780,큐로홀딩스,KOSDAQ,18764775115
011080,형지I&C,KOSDAQ,18688740570
250930,예선테크,KOSDAQ,18678249040
361670,삼영에스앤씨,KOSDAQ,18589918240
032980,바이온,KOSDAQ,18354952980
025870,신라에스지,KOSDAQ,18260000000
035620,바른손이앤에이,KOSDAQ,18088841025
368970,오에스피,KOSDAQ,17887634028
035290,골드앤에스,KOSDAQ,17664135840
028080,휴맥스홀딩스,KOSDAQ,17193878118
008290,원풍물산,KOSDAQ,17009957822
276730,한울앤제주,KOSDAQ,16988932649
069330,유아이디,KOSDAQ,16944162654
083660,CSA 코스믹,KOSDAQ,16838295012
241820,피씨엘,KOSDAQ,16803871920
482680,미래에셋비전스팩7호,KOSDAQ,16676450000
477380,미래에셋비전스팩4호,KOSDAQ,16605000000
009620,삼보산업,KOSDAQ,16435249273
012340,뉴인텍,KOSDAQ,16215948294
069920,엑시온그룹,KOSDAQ,16082982714
079950,인베니아,KOSDAQ,15965558700
106520,노블엠앤비,KOSDAQ,15904036272
073190,듀오백,KOSDAQ,15869621040
0072Z0,KB제33호스팩,KOSDAQ,15809425000
050090,비케이홀딩스,KOSDAQ,15808003265
032800,판타지오,KOSDAQ,15717313836
0130H0,엔에이치스팩33호,KOSDAQ,15554000000
0101C0,하나36호스팩,KOSDAQ,15480000000
0044K0,삼성스팩10호,KOSDAQ,15453600000
188260,세니젠,KOSDAQ,15324356400
477340,에이치엠씨제7호스팩,KOSDAQ,15245300000
469880,하나30호스팩,KOSDAQ,15194400000
030350,드래곤플라이,KOSDAQ,15171092867
026910,광진실업,KOSDAQ,14956620675
0115H0,삼성스팩13호,KOSDAQ,14847000000
227100,프로브잇,KOSDAQ,14770119384
900120,씨엑스아이,KOSDAQ,14677883079
121850,코이즈,KOSDAQ,14488302135
473050,유안타제15호스팩,KOSDAQ,14440600000
225430,케이엠제약,KOSDAQ,14417604850
478440,미래에셋비전스팩6호,KOSDAQ,14206500000
479880,한국제15호스팩,KOSDAQ,14083500000
0099W0,미래에셋비전스팩11호,KOSDAQ,14070000000
065060,지엔코,KOSDAQ,13661661496
352770,셀레스트라,KOSDAQ,13610136750
489480,키움제11호스팩,KOSDAQ,13530000000
244460,올리패스,KOSDAQ,13415218661
481890,엔에이치스팩31호,KOSDAQ,13324500000
0096B0,삼성스팩12호,KOSDAQ,13258700000
031860,디에이치엑스컴퍼니,KOSDAQ,13156898139
489730,디비금융제13호스팩,KOSDAQ,13075580000
477760,DB금융스팩12호,KOSDAQ,13023200000
0097F0,미래에셋비전스팩10호,KOSDAQ,13000000000
058450,한주에이알티,KOSDAQ,12974606736
478390,KB제29호스팩,KOSDAQ,12968700000
0099X0,IBKS제25호스팩,KOSDAQ,12946700000
0093G0,미래에셋비전스팩8호,KOSDAQ,12896000000
492220,KB제31호스팩,KOSDAQ,12854700000
0037T0,KB제32호스팩,KOSDAQ,12799260000
482520,교보16호스팩,KOSDAQ,12779500000
0088D0,메리츠제1호스팩,KOSDAQ,12777975000
0054V0,엔에이치스팩32호,KOSDAQ,12712742500
054180,메디콕스,KOSDAQ,12686716395
079190,케스피온,KOSDAQ,12657319620
471050,대신밸런스제17호스팩,KOSDAQ,12635100000
0091W0,신영스팩11호,KOSDAQ,12560760000
065570,삼영이엔씨,KOSDAQ,12295692232
0041L0,하나35호스팩,KOSDAQ,12120300000
482690,대신밸런스제19호스팩,KOSDAQ,12016100000
0132G0,교보20호스팩,KOSDAQ,11969850000
0071M0,삼성스팩11호,KOSDAQ,11692800000
477470,미래에셋비전스팩5호,KOSDAQ,11562800000
469900,하나31호스팩,KOSDAQ,11546300000
487360,신한제14호스팩,KOSDAQ,11505600000
060240,스타코링크,KOSDAQ,11502414560
496070,신한제16호스팩,KOSDAQ,11408600000
0105P0,유진스팩12호,KOSDAQ,11376600000
474660,신한제12호스팩,KOSDAQ,11343600000
474490,유안타제16호스팩,KOSDAQ,11267950000
0098T0,교보19호스팩,KOSDAQ,11043000000
0096D0,미래에셋비전스팩9호,KOSDAQ,11027500000
486630,KB제30호스팩,KOSDAQ,10991700000
452670,상상인제4호스팩,KOSDAQ,10988100000
489210,교보17호스팩,KOSDAQ,10878000000
0004Y0,디비금융제14호스팩,KOSDAQ,10842600000
493790,유안타제17호스팩,KOSDAQ,10699650000
0130D0,신한제17호스팩,KOSDAQ,10680000000
043100,알파AI,KOSDAQ,10457241600
466690,키움히어로제1호스팩,KOSDAQ,10419275000
03481K,해성산업1우,KOSDAQ,10375247340
0041B0,교보18호스팩,KOSDAQ,10332000000
478110,이베스트스팩6호,KOSDAQ,10215700000
498390,한화플러스제5호스팩,KOSDAQ,10093600000
472220,신영스팩10호,KOSDAQ,10060050000
488060,유진스팩11호,KOSDAQ,9652400000
106080,케이이엠텍,KOSDAQ,9506998050
467930,IBKS제23호스팩,KOSDAQ,9263700000
484130,하나34호스팩,KOSDAQ,9220800000
469480,IBKS제24호스팩,KOSDAQ,9200250000
462020,에이치엠씨제6호스팩,KOSDAQ,9102775000
473950,에스케이증권제13호스팩,KOSDAQ,9016800000
464440,한국제13호스팩,KOSDAQ,9007200000
487830,신한제15호스팩,KOSDAQ,8961000000
465320,교보15호스팩,KOSDAQ,8896350000
468760,유진스팩10호,KOSDAQ,8840400000
487720,키움제10호스팩,KOSDAQ,8713800000
0068Y0,비엔케이제3호스팩,KOSDAQ,8663100000
472230,에스케이증권제11호스팩,KOSDAQ,8559300000
0041J0,엘에스스팩1호,KOSDAQ,8281650000
475250,하나33호스팩,KOSDAQ,7714500000
079970,투비소프트,KOSDAQ,7646223464
474930,신한제13호스팩,KOSDAQ,7620100000
276040,스코넥,KOSDAQ,7073119545
473000,에스케이증권제12호스팩,KOSDAQ,6785500000
101390,아이엠,KOSDAQ,6698084184
475240,하나32호스팩,KOSDAQ,6688000000
044180,KD,KOSDAQ,5477148795
313760,캐리,KOSDAQ,5244963048
043090,더테크놀로지,KOSDAQ,4718944500
052770,아이톡시,KOSDAQ,4545457488
032685,소프트센우,KOSDAQ,2260708860
021045,대호특수강우,KOSDAQ,2240018880
